INSERT INTO BIBLIOTECA.Editora(nome_editora,endereco,telefone) VALUES ('Bogan-Grimes','4 Sachtjen Court',955362012);
INSERT INTO BIBLIOTECA.Editora(nome_editora,endereco,telefone) VALUES ('Murray-Morissette','0705 Texas Terrace',930040562);
INSERT INTO BIBLIOTECA.Editora(nome_editora,endereco,telefone) VALUES ('Schmeler, Zemlak and Kohler','596 Dennis Court',927328694);
INSERT INTO BIBLIOTECA.Editora(nome_editora,endereco,telefone) VALUES ('Dibbert, Dare and Mayer','588 Canary Lane',908268831);
INSERT INTO BIBLIOTECA.Editora(nome_editora,endereco,telefone) VALUES ('Kuvalis Inc','31651 Mallard Place',919012828);
INSERT INTO BIBLIOTECA.Editora(nome_editora,endereco,telefone) VALUES ('Rolfson and Sons','62 Dahle Hill',926540390);
INSERT INTO BIBLIOTECA.Editora(nome_editora,endereco,telefone) VALUES ('Abernathy, Walter and Fisher','724 Union Lane',933456730);
INSERT INTO BIBLIOTECA.Editora(nome_editora,endereco,telefone) VALUES ('Simonis, Spinka and Wintheiser','086 Mcbride Road',911499579);
INSERT INTO BIBLIOTECA.Editora(nome_editora,endereco,telefone) VALUES ('Grant, Tillman and Mayert','3 Tennyson Point',946988801);
INSERT INTO BIBLIOTECA.Editora(nome_editora,endereco,telefone) VALUES ('Haley Inc','6 Buena Vista Terrace',925540548);
INSERT INTO BIBLIOTECA.Editora(nome_editora,endereco,telefone) VALUES ('Veum, Hirthe and Doyle','63 Holmberg Hill',994795335);
INSERT INTO BIBLIOTECA.Editora(nome_editora,endereco,telefone) VALUES ('Gulgowski-Spinka','48 Merchant Street',971721059);
INSERT INTO BIBLIOTECA.Editora(nome_editora,endereco,telefone) VALUES ('Kuhn-Hansen','9 2nd Terrace',996373771);
INSERT INTO BIBLIOTECA.Editora(nome_editora,endereco,telefone) VALUES ('Witting-Morar','8 Valley Edge Circle',923445900);
INSERT INTO BIBLIOTECA.Editora(nome_editora,endereco,telefone) VALUES ('Hansen-Mosciski','8665 Warner Terrace',985996379);
INSERT INTO BIBLIOTECA.Editora(nome_editora,endereco,telefone) VALUES ('Hilll-Hyatt','36 Waywood Avenue',951763122);
INSERT INTO BIBLIOTECA.Editora(nome_editora,endereco,telefone) VALUES ('Rau and Sons','4156 Anzinger Way',950156002);
INSERT INTO BIBLIOTECA.Editora(nome_editora,endereco,telefone) VALUES ('Torp LLC','644 Mayer Trail',925777299);
INSERT INTO BIBLIOTECA.Editora(nome_editora,endereco,telefone) VALUES ('Wilkinson, Tillman and Bergstrom','5 Merrick Way',952657513);
INSERT INTO BIBLIOTECA.Editora(nome_editora,endereco,telefone) VALUES ('Weissnat-Volkman','690 Kennedy Pass',906459317);
INSERT INTO BIBLIOTECA.Editora(nome_editora,endereco,telefone) VALUES ('Dibbert-Bernier','7 Riverside Alley',900789733);
INSERT INTO BIBLIOTECA.Editora(nome_editora,endereco,telefone) VALUES ('Kulas Group','2 Artisan Crossing',971675952);
INSERT INTO BIBLIOTECA.Editora(nome_editora,endereco,telefone) VALUES ('Keeling and Sons','07 Mallard Road',912790569);
INSERT INTO BIBLIOTECA.Editora(nome_editora,endereco,telefone) VALUES ('Lemke-Thompson','6 Valley Edge Drive',957953837);
INSERT INTO BIBLIOTECA.Editora(nome_editora,endereco,telefone) VALUES ('Mitchell-Schmidt','2291 Grover Terrace',925763284);
INSERT INTO BIBLIOTECA.Editora(nome_editora,endereco,telefone) VALUES ('Medhurst LLC','3 Lien Parkway',976993833);
INSERT INTO BIBLIOTECA.Editora(nome_editora,endereco,telefone) VALUES ('O''Connell Inc','59614 Corry Road',905328882);
INSERT INTO BIBLIOTECA.Editora(nome_editora,endereco,telefone) VALUES ('Grimes-Parker','351 Westport Center',936176616);
INSERT INTO BIBLIOTECA.Editora(nome_editora,endereco,telefone) VALUES ('Keebler-Herman','09 Surrey Point',923874273);
INSERT INTO BIBLIOTECA.Editora(nome_editora,endereco,telefone) VALUES ('VonRueden, Kuvalis and Hilll','5 Twin Pines Terrace',974457096);
INSERT INTO BIBLIOTECA.Editora(nome_editora,endereco,telefone) VALUES ('Jenkins-Farrell','49006 Ronald Regan Way',910139920);
INSERT INTO BIBLIOTECA.Editora(nome_editora,endereco,telefone) VALUES ('Kulas-Mueller','07 Washington Parkway',954660415);
INSERT INTO BIBLIOTECA.Editora(nome_editora,endereco,telefone) VALUES ('Crona-Mohr','00427 Crest Line Trail',989934269);
INSERT INTO BIBLIOTECA.Editora(nome_editora,endereco,telefone) VALUES ('Gutkowski-Romaguera','01249 Magdeline Point',911457309);
INSERT INTO BIBLIOTECA.Editora(nome_editora,endereco,telefone) VALUES ('Trantow, Kautzer and Tromp','4 Trailsway Parkway',974562922);
INSERT INTO BIBLIOTECA.Editora(nome_editora,endereco,telefone) VALUES ('Metz Group','18722 Spohn Plaza',994731882);
INSERT INTO BIBLIOTECA.Editora(nome_editora,endereco,telefone) VALUES ('Fadel-Weissnat','447 Blaine Park',941536604);
INSERT INTO BIBLIOTECA.Editora(nome_editora,endereco,telefone) VALUES ('Ortiz-Olson','75 Michigan Point',920751641);
INSERT INTO BIBLIOTECA.Editora(nome_editora,endereco,telefone) VALUES ('Kovacek Group','58 Vera Lane',966182740);
INSERT INTO BIBLIOTECA.Editora(nome_editora,endereco,telefone) VALUES ('Hackett-Huel','99 Katie Alley',936006281);
INSERT INTO BIBLIOTECA.Editora(nome_editora,endereco,telefone) VALUES ('Orn-Grant','4 Forest Run Way',913604416);
INSERT INTO BIBLIOTECA.Editora(nome_editora,endereco,telefone) VALUES ('Kohler-Will','6262 Ludington Crossing',903727161);
INSERT INTO BIBLIOTECA.Editora(nome_editora,endereco,telefone) VALUES ('Grant-Marvin','61 Pond Avenue',912713527);
INSERT INTO BIBLIOTECA.Editora(nome_editora,endereco,telefone) VALUES ('Haag, Williamson and Hoppe','90355 Surrey Drive',938175909);
INSERT INTO BIBLIOTECA.Editora(nome_editora,endereco,telefone) VALUES ('McCullough-Raynor','249 Magdeline Point',943670872);
INSERT INTO BIBLIOTECA.Editora(nome_editora,endereco,telefone) VALUES ('Funk Group','2 Kingsford Court',995936779);
INSERT INTO BIBLIOTECA.Editora(nome_editora,endereco,telefone) VALUES ('Shanahan Group','239 1st Point',950981386);
INSERT INTO BIBLIOTECA.Editora(nome_editora,endereco,telefone) VALUES ('Bins-Boyer','8835 Fallview Way',905411532);
INSERT INTO BIBLIOTECA.Editora(nome_editora,endereco,telefone) VALUES ('Beatty-Wintheiser','51912 Corscot Lane',916681823);
INSERT INTO BIBLIOTECA.Editora(nome_editora,endereco,telefone) VALUES ('Effertz, Zulauf and Kiehn','7 Almo Plaza',927550975);
INSERT INTO BIBLIOTECA.Editora(nome_editora,endereco,telefone) VALUES ('Schroeder LLC','16 Kensington Park',979613279);
INSERT INTO BIBLIOTECA.Editora(nome_editora,endereco,telefone) VALUES ('Jones, Hagenes and Mayer','3709 Mayer Parkway',931630945);
INSERT INTO BIBLIOTECA.Editora(nome_editora,endereco,telefone) VALUES ('Labadie LLC','63166 Banding Street',903561251);
INSERT INTO BIBLIOTECA.Editora(nome_editora,endereco,telefone) VALUES ('Dooley Group','274 Carberry Pass',975273517);
INSERT INTO BIBLIOTECA.Editora(nome_editora,endereco,telefone) VALUES ('Terry LLC','5378 Hollow Ridge Junction',922134457);
INSERT INTO BIBLIOTECA.Editora(nome_editora,endereco,telefone) VALUES ('Harris, Volkman and Simonis','1161 Lakeland Pass',933915526);
INSERT INTO BIBLIOTECA.Editora(nome_editora,endereco,telefone) VALUES ('Von Group','33 Scott Parkway',926589401);
INSERT INTO BIBLIOTECA.Editora(nome_editora,endereco,telefone) VALUES ('Jaskolski, Kling and Barton','484 Surrey Center',979961548);
INSERT INTO BIBLIOTECA.Editora(nome_editora,endereco,telefone) VALUES ('Gerlach Inc','57886 Kensington Point',975034823);
INSERT INTO BIBLIOTECA.Editora(nome_editora,endereco,telefone) VALUES ('Strosin, Stehr and Hettinger','0536 Loftsgordon Way',980484274);
INSERT INTO BIBLIOTECA.Editora(nome_editora,endereco,telefone) VALUES ('Larkin, Johnston and Bayer','6154 Division Parkway',927395964);
INSERT INTO BIBLIOTECA.Editora(nome_editora,endereco,telefone) VALUES ('Schimmel-Koelpin','010 Fairfield Terrace',980107905);
INSERT INTO BIBLIOTECA.Editora(nome_editora,endereco,telefone) VALUES ('Ryan-Kozey','13 Packers Circle',919385209);
INSERT INTO BIBLIOTECA.Editora(nome_editora,endereco,telefone) VALUES ('Kertzmann and Sons','8 Pearson Place',945883655);
INSERT INTO BIBLIOTECA.Editora(nome_editora,endereco,telefone) VALUES ('Gulgowski LLC','56 Meadow Valley Junction',931980827);
INSERT INTO BIBLIOTECA.Editora(nome_editora,endereco,telefone) VALUES ('Green Inc','8496 Randy Park',978823338);
INSERT INTO BIBLIOTECA.Editora(nome_editora,endereco,telefone) VALUES ('Feil-King','9 Goodland Circle',970495136);
INSERT INTO BIBLIOTECA.Editora(nome_editora,endereco,telefone) VALUES ('Klein, Watsica and Beatty','22 Del Mar Avenue',982436663);
INSERT INTO BIBLIOTECA.Editora(nome_editora,endereco,telefone) VALUES ('Watsica Inc','1 Spaight Plaza',918516040);
INSERT INTO BIBLIOTECA.Editora(nome_editora,endereco,telefone) VALUES ('Shields-Crooks','4 Brickson Park Alley',917600151);
INSERT INTO BIBLIOTECA.Editora(nome_editora,endereco,telefone) VALUES ('Fritsch-Dickens','2 Kings Lane',927188921);
INSERT INTO BIBLIOTECA.Editora(nome_editora,endereco,telefone) VALUES ('Carroll and Sons','51 Vidon Way',934827432);
INSERT INTO BIBLIOTECA.Editora(nome_editora,endereco,telefone) VALUES ('Beatty, Murray and Stark','20604 Hazelcrest Park',975431146);
INSERT INTO BIBLIOTECA.Editora(nome_editora,endereco,telefone) VALUES ('Hessel-Lemke','04617 Fremont Point',968973153);
INSERT INTO BIBLIOTECA.Editora(nome_editora,endereco,telefone) VALUES ('Tillman-Gibson','22 Reinke Road',915589703);
INSERT INTO BIBLIOTECA.Editora(nome_editora,endereco,telefone) VALUES ('Greenholt and Sons','98 Ridgeway Road',918747415);
INSERT INTO BIBLIOTECA.Editora(nome_editora,endereco,telefone) VALUES ('Robel, Collins and Hudson','490 Waxwing Road',925494254);
INSERT INTO BIBLIOTECA.Editora(nome_editora,endereco,telefone) VALUES ('Collier and Sons','3 Lien Center',979454497);
INSERT INTO BIBLIOTECA.Editora(nome_editora,endereco,telefone) VALUES ('Schmeler Inc','9083 Bonner Parkway',913723170);
INSERT INTO BIBLIOTECA.Editora(nome_editora,endereco,telefone) VALUES ('Schultz, Wolff and Dibbert','5 Brown Circle',919908405);
INSERT INTO BIBLIOTECA.Editora(nome_editora,endereco,telefone) VALUES ('Murphy-Huels','8 Luster Plaza',901153149);
INSERT INTO BIBLIOTECA.Editora(nome_editora,endereco,telefone) VALUES ('Sporer, Green and Cole','633 Muir Plaza',977406146);
INSERT INTO BIBLIOTECA.Editora(nome_editora,endereco,telefone) VALUES ('Mosciski, Rutherford and Considine','7874 Valley Edge Circle',999488756);
INSERT INTO BIBLIOTECA.Editora(nome_editora,endereco,telefone) VALUES ('Kreiger-Ullrich','5975 Morningstar Center',952807835);
INSERT INTO BIBLIOTECA.Editora(nome_editora,endereco,telefone) VALUES ('Ortiz-Spencer','739 Stephen Park',927448627);
INSERT INTO BIBLIOTECA.Editora(nome_editora,endereco,telefone) VALUES ('Jaskolski, Jenkins and Leuschke','7 Straubel Way',956495404);
INSERT INTO BIBLIOTECA.Editora(nome_editora,endereco,telefone) VALUES ('Jast, Krajcik and McGlynn','65283 Schurz Court',993639729);
INSERT INTO BIBLIOTECA.Editora(nome_editora,endereco,telefone) VALUES ('Heidenreich LLC','425 Crownhardt Road',964875781);
INSERT INTO BIBLIOTECA.Editora(nome_editora,endereco,telefone) VALUES ('Corwin, Zemlak and Boyer','7 Cambridge Plaza',922652728);
INSERT INTO BIBLIOTECA.Editora(nome_editora,endereco,telefone) VALUES ('Gerlach-Hodkiewicz','15 Lotheville Plaza',925093004);
INSERT INTO BIBLIOTECA.Editora(nome_editora,endereco,telefone) VALUES ('Gislason, Durgan and Mitchell','9 Huxley Crossing',990247033);
INSERT INTO BIBLIOTECA.Editora(nome_editora,endereco,telefone) VALUES ('Krajcik, Ratke and Kreiger','0333 6th Court',935291942);
INSERT INTO BIBLIOTECA.Editora(nome_editora,endereco,telefone) VALUES ('Pfeffer, Wolf and Littel','15802 Mockingbird Hill',914566566);
INSERT INTO BIBLIOTECA.Editora(nome_editora,endereco,telefone) VALUES ('Fisher-Schamberger','228 Grim Circle',991002427);
INSERT INTO BIBLIOTECA.Editora(nome_editora,endereco,telefone) VALUES ('Corwin-Tremblay','4906 Pleasure Parkway',900680023);
INSERT INTO BIBLIOTECA.Editora(nome_editora,endereco,telefone) VALUES ('Harvey, Beer and Bergnaum','0477 Warrior Alley',981261932);
INSERT INTO BIBLIOTECA.Editora(nome_editora,endereco,telefone) VALUES ('Roberts Group','36 Miller Center',903830853);
INSERT INTO BIBLIOTECA.Editora(nome_editora,endereco,telefone) VALUES ('Crist, Breitenberg and Quigley','9 Moulton Alley',952247942);
INSERT INTO BIBLIOTECA.Editora(nome_editora,endereco,telefone) VALUES ('Runte-Krajcik','1 Anhalt Pass',919228009);
INSERT INTO BIBLIOTECA.Editora(nome_editora,endereco,telefone) VALUES ('Treutel, Breitenberg and Gerhold','7 Scoville Court',944592605);

INSERT INTO BIBLIOTECA.Livro(ISBN,titulo,ano,id_editora,categoria) VALUES ('511611899-1','Inherit the Wind',1990,46,'Drama');
INSERT INTO BIBLIOTECA.Livro(ISBN,titulo,ano,id_editora,categoria) VALUES ('442893150-6','Lord of Illusions',1992,54,'Horror');
INSERT INTO BIBLIOTECA.Livro(ISBN,titulo,ano,id_editora,categoria) VALUES ('893626169-X','Pete Seeger: The Power of Song',1997,7,'Documentary');
INSERT INTO BIBLIOTECA.Livro(ISBN,titulo,ano,id_editora,categoria) VALUES ('401899452-4','Judy Moody and the Not Bummer Summer',1994,23,'Children|Comedy');
INSERT INTO BIBLIOTECA.Livro(ISBN,titulo,ano,id_editora,categoria) VALUES ('008813803-8','Antz',1984,7,'Adventure|Animation|Children|Comedy|Fantasy');
INSERT INTO BIBLIOTECA.Livro(ISBN,titulo,ano,id_editora,categoria) VALUES ('096362400-8','You Are God (Jestes Bogiem)',2006,75,'Drama');
INSERT INTO BIBLIOTECA.Livro(ISBN,titulo,ano,id_editora,categoria) VALUES ('162020758-3','Alien Outpost',1998,1,'Action|Sci-Fi|Thriller');
INSERT INTO BIBLIOTECA.Livro(ISBN,titulo,ano,id_editora,categoria) VALUES ('997003180-5','If Lucy Fell',1990,73,'Comedy|Romance');
INSERT INTO BIBLIOTECA.Livro(ISBN,titulo,ano,id_editora,categoria) VALUES ('515550891-6','Shiver (Eskalofrío)',2011,36,'Horror|Thriller');
INSERT INTO BIBLIOTECA.Livro(ISBN,titulo,ano,id_editora,categoria) VALUES ('135585941-7','I''ll Be Home For Christmas',2008,40,'Comedy|Romance');
INSERT INTO BIBLIOTECA.Livro(ISBN,titulo,ano,id_editora,categoria) VALUES ('609326005-4','Stretch',1984,44,'Action|Comedy|Crime');
INSERT INTO BIBLIOTECA.Livro(ISBN,titulo,ano,id_editora,categoria) VALUES ('465787435-7','And Now a Word from Our Sponsor',1999,5,'Comedy|Drama');
INSERT INTO BIBLIOTECA.Livro(ISBN,titulo,ano,id_editora,categoria) VALUES ('372128928-5','Hangover Part III, The',2012,33,'Comedy');
INSERT INTO BIBLIOTECA.Livro(ISBN,titulo,ano,id_editora,categoria) VALUES ('485792594-X','Griffin & Phoenix',2004,44,'Comedy|Drama|Romance');
INSERT INTO BIBLIOTECA.Livro(ISBN,titulo,ano,id_editora,categoria) VALUES ('755805247-5','Belles of St. Trinian''s, The',1989,86,'Comedy');
INSERT INTO BIBLIOTECA.Livro(ISBN,titulo,ano,id_editora,categoria) VALUES ('778668298-8','Challenge to Lassie',2004,71,'Children|Drama');
INSERT INTO BIBLIOTECA.Livro(ISBN,titulo,ano,id_editora,categoria) VALUES ('616744628-8','Fourth World War, The',2003,86,'Documentary');
INSERT INTO BIBLIOTECA.Livro(ISBN,titulo,ano,id_editora,categoria) VALUES ('027071553-3','Light the Fuse... Sartana Is Coming',2011,63,'Western');
INSERT INTO BIBLIOTECA.Livro(ISBN,titulo,ano,id_editora,categoria) VALUES ('364734155-X','Double Trouble',1984,17,'Action|Comedy');
INSERT INTO BIBLIOTECA.Livro(ISBN,titulo,ano,id_editora,categoria) VALUES ('654001014-1','Cell 211 (Celda 211)',1994,69,'Action|Drama');
INSERT INTO BIBLIOTECA.Livro(ISBN,titulo,ano,id_editora,categoria) VALUES ('558462986-3','Family Man, The',1992,45,'Comedy|Drama|Romance');
INSERT INTO BIBLIOTECA.Livro(ISBN,titulo,ano,id_editora,categoria) VALUES ('858846453-5','Body of Lies',2006,64,'Action|Drama|Thriller');
INSERT INTO BIBLIOTECA.Livro(ISBN,titulo,ano,id_editora,categoria) VALUES ('367257956-4','Visiting Hours',2011,96,'Horror');
INSERT INTO BIBLIOTECA.Livro(ISBN,titulo,ano,id_editora,categoria) VALUES ('310709179-0','Wolf',2011,5,'Drama|Horror|Romance|Thriller');
INSERT INTO BIBLIOTECA.Livro(ISBN,titulo,ano,id_editora,categoria) VALUES ('306323254-8','Samurai III: Duel on Ganryu Island (a.k.a. Bushido) (Miyamoto Musashi kanketsuhen: kettô Ganryûjima)',2005,36,'Action|Adventure|Drama');
INSERT INTO BIBLIOTECA.Livro(ISBN,titulo,ano,id_editora,categoria) VALUES ('264328182-9','Beautiful People',1996,91,'Comedy');
INSERT INTO BIBLIOTECA.Livro(ISBN,titulo,ano,id_editora,categoria) VALUES ('409410606-5','Expendables 2, The',2011,4,'Action|Adventure');
INSERT INTO BIBLIOTECA.Livro(ISBN,titulo,ano,id_editora,categoria) VALUES ('176225090-X','Hellgate',1998,92,'Horror|Thriller');
INSERT INTO BIBLIOTECA.Livro(ISBN,titulo,ano,id_editora,categoria) VALUES ('801299815-7','Two Brothers (Deux frères)',1995,9,'Adventure|Children|Drama');
INSERT INTO BIBLIOTECA.Livro(ISBN,titulo,ano,id_editora,categoria) VALUES ('573093024-0','Bohemian Eyes (Boheemi elää - Matti Pellonpää)',2012,87,'Documentary');
INSERT INTO BIBLIOTECA.Livro(ISBN,titulo,ano,id_editora,categoria) VALUES ('721661308-2','Misunderstood',2009,93,'Drama');
INSERT INTO BIBLIOTECA.Livro(ISBN,titulo,ano,id_editora,categoria) VALUES ('361836584-5','Ice Age Columbus: Who Were the First Americans?',2008,55,'Documentary');
INSERT INTO BIBLIOTECA.Livro(ISBN,titulo,ano,id_editora,categoria) VALUES ('239394472-9','Putin''s Kiss',1993,42,'Documentary');
INSERT INTO BIBLIOTECA.Livro(ISBN,titulo,ano,id_editora,categoria) VALUES ('267861215-5','Mansome',2007,61,'Documentary');
INSERT INTO BIBLIOTECA.Livro(ISBN,titulo,ano,id_editora,categoria) VALUES ('477620914-4','Goldengirl',1999,60,'(no genres listed)');
INSERT INTO BIBLIOTECA.Livro(ISBN,titulo,ano,id_editora,categoria) VALUES ('270679165-9','I''ll Be There',1998,85,'Comedy|Musical|Romance');
INSERT INTO BIBLIOTECA.Livro(ISBN,titulo,ano,id_editora,categoria) VALUES ('086374800-7','Great K & A Train Robbery, The',2007,87,'Action|Western');
INSERT INTO BIBLIOTECA.Livro(ISBN,titulo,ano,id_editora,categoria) VALUES ('908021166-4','Under the Rainbow',1984,100,'Comedy');
INSERT INTO BIBLIOTECA.Livro(ISBN,titulo,ano,id_editora,categoria) VALUES ('016059914-8','Martin Lawrence: You So Crazy',1999,35,'Comedy|Documentary');
INSERT INTO BIBLIOTECA.Livro(ISBN,titulo,ano,id_editora,categoria) VALUES ('939078781-5','Perfectly Normal',1994,64,'Comedy');
INSERT INTO BIBLIOTECA.Livro(ISBN,titulo,ano,id_editora,categoria) VALUES ('721568816-X','Grouse',2007,70,'Comedy');
INSERT INTO BIBLIOTECA.Livro(ISBN,titulo,ano,id_editora,categoria) VALUES ('539176915-9','Comedy of Innocence (Comédie de l''innocence)',2011,64,'Drama|Thriller');
INSERT INTO BIBLIOTECA.Livro(ISBN,titulo,ano,id_editora,categoria) VALUES ('541571540-1','Clara''s Heart',2007,82,'Drama');
INSERT INTO BIBLIOTECA.Livro(ISBN,titulo,ano,id_editora,categoria) VALUES ('438419427-7','The Call of the Wild',1975,66,'Adventure|Children');
INSERT INTO BIBLIOTECA.Livro(ISBN,titulo,ano,id_editora,categoria) VALUES ('653251232-X','For Those in Peril',1996,42,'Drama');
INSERT INTO BIBLIOTECA.Livro(ISBN,titulo,ano,id_editora,categoria) VALUES ('560948334-4','Dear Pillow',2001,83,'Drama');
INSERT INTO BIBLIOTECA.Livro(ISBN,titulo,ano,id_editora,categoria) VALUES ('964989004-1','One Body Too Many',2006,7,'Comedy|Horror|Mystery');
INSERT INTO BIBLIOTECA.Livro(ISBN,titulo,ano,id_editora,categoria) VALUES ('602419136-7','Transylmania',1996,47,'Comedy|Horror');
INSERT INTO BIBLIOTECA.Livro(ISBN,titulo,ano,id_editora,categoria) VALUES ('767725989-8','Jack and Jill',2012,47,'Comedy');
INSERT INTO BIBLIOTECA.Livro(ISBN,titulo,ano,id_editora,categoria) VALUES ('969135878-6','Pretty Poison',1995,18,'Comedy|Crime|Romance|Thriller');
INSERT INTO BIBLIOTECA.Livro(ISBN,titulo,ano,id_editora,categoria) VALUES ('877009566-3','Sherman''s March',2008,89,'Documentary');
INSERT INTO BIBLIOTECA.Livro(ISBN,titulo,ano,id_editora,categoria) VALUES ('219467184-6','Hurt',2002,35,'Drama|Horror|Thriller');
INSERT INTO BIBLIOTECA.Livro(ISBN,titulo,ano,id_editora,categoria) VALUES ('434902596-0','Happy-Go-Lucky',2009,18,'Comedy|Drama');
INSERT INTO BIBLIOTECA.Livro(ISBN,titulo,ano,id_editora,categoria) VALUES ('187164259-0','Nun, The (La religieuse)',2013,9,'Drama');
INSERT INTO BIBLIOTECA.Livro(ISBN,titulo,ano,id_editora,categoria) VALUES ('527266416-7','Sons and Lovers',1998,71,'Drama');
INSERT INTO BIBLIOTECA.Livro(ISBN,titulo,ano,id_editora,categoria) VALUES ('407751023-6','Breezy',2003,76,'Drama|Romance');
INSERT INTO BIBLIOTECA.Livro(ISBN,titulo,ano,id_editora,categoria) VALUES ('414534023-X','Fourth State, The (Die vierte Macht)',1992,37,'Thriller');
INSERT INTO BIBLIOTECA.Livro(ISBN,titulo,ano,id_editora,categoria) VALUES ('843974739-X','Tyler Perry''s Daddy''s Little Girls',1995,17,'Comedy|Romance');
INSERT INTO BIBLIOTECA.Livro(ISBN,titulo,ano,id_editora,categoria) VALUES ('691286229-2','My Winnipeg',2002,90,'Documentary|Fantasy');
INSERT INTO BIBLIOTECA.Livro(ISBN,titulo,ano,id_editora,categoria) VALUES ('058527684-6','Lakota Woman: Siege at Wounded Knee',1987,49,'Drama');
INSERT INTO BIBLIOTECA.Livro(ISBN,titulo,ano,id_editora,categoria) VALUES ('387786343-4','Jew Süss (Jud Süß)',1991,20,'Drama');
INSERT INTO BIBLIOTECA.Livro(ISBN,titulo,ano,id_editora,categoria) VALUES ('217645125-2','Mighty Quinn, The',1996,69,'Crime|Mystery');
INSERT INTO BIBLIOTECA.Livro(ISBN,titulo,ano,id_editora,categoria) VALUES ('121274815-8','Guess Who',1996,46,'Comedy|Romance');
INSERT INTO BIBLIOTECA.Livro(ISBN,titulo,ano,id_editora,categoria) VALUES ('434004976-X','Christmas Carol, A (Scrooge)',1998,23,'Drama|Fantasy');
INSERT INTO BIBLIOTECA.Livro(ISBN,titulo,ano,id_editora,categoria) VALUES ('589718060-1','Boris Godunov',1996,11,'Drama');
INSERT INTO BIBLIOTECA.Livro(ISBN,titulo,ano,id_editora,categoria) VALUES ('533204159-4','American Bandits: Frank and Jesse James',2012,37,'Western');
INSERT INTO BIBLIOTECA.Livro(ISBN,titulo,ano,id_editora,categoria) VALUES ('094399689-9','Cheeky Girls',2001,57,'Comedy');
INSERT INTO BIBLIOTECA.Livro(ISBN,titulo,ano,id_editora,categoria) VALUES ('715244854-X','In the Cut',1998,36,'Crime|Drama|Mystery|Romance|Thriller');
INSERT INTO BIBLIOTECA.Livro(ISBN,titulo,ano,id_editora,categoria) VALUES ('261261545-8','Gremlins',2006,10,'Comedy|Horror');
INSERT INTO BIBLIOTECA.Livro(ISBN,titulo,ano,id_editora,categoria) VALUES ('256726317-9','Crimson Gold (Talaye sorgh)',2008,61,'Drama');
INSERT INTO BIBLIOTECA.Livro(ISBN,titulo,ano,id_editora,categoria) VALUES ('044295448-4','My Dear Secretary',1997,39,'Comedy|Romance');
INSERT INTO BIBLIOTECA.Livro(ISBN,titulo,ano,id_editora,categoria) VALUES ('295578735-3','Stage Fright (Deliria)',2006,30,'Horror');
INSERT INTO BIBLIOTECA.Livro(ISBN,titulo,ano,id_editora,categoria) VALUES ('630289158-2','Onibaba',2007,92,'Drama|Horror|War');
INSERT INTO BIBLIOTECA.Livro(ISBN,titulo,ano,id_editora,categoria) VALUES ('036176734-X','Life of Aleksis Kivi, The (Aleksis Kiven elämä)',2002,86,'Drama');
INSERT INTO BIBLIOTECA.Livro(ISBN,titulo,ano,id_editora,categoria) VALUES ('571256604-4','Despicable Me',2006,74,'Animation|Children|Comedy|Crime');
INSERT INTO BIBLIOTECA.Livro(ISBN,titulo,ano,id_editora,categoria) VALUES ('155712163-X','Three-Step Dance',1993,3,'Drama');
INSERT INTO BIBLIOTECA.Livro(ISBN,titulo,ano,id_editora,categoria) VALUES ('322712572-2','Santa Clause 2, The',2005,38,'Children|Comedy|Fantasy|Romance');
INSERT INTO BIBLIOTECA.Livro(ISBN,titulo,ano,id_editora,categoria) VALUES ('837853201-1','Angelus',2001,26,'Comedy|Drama');
INSERT INTO BIBLIOTECA.Livro(ISBN,titulo,ano,id_editora,categoria) VALUES ('895547484-9','Michael Jackson''s This Is It',1993,69,'Documentary|Musical|IMAX');
INSERT INTO BIBLIOTECA.Livro(ISBN,titulo,ano,id_editora,categoria) VALUES ('848391936-2','Kevin Nealon: Now Hear Me Out!',1988,96,'Comedy');
INSERT INTO BIBLIOTECA.Livro(ISBN,titulo,ano,id_editora,categoria) VALUES ('519009850-8','Guard Post, The (G.P. 506)',2010,47,'Horror');
INSERT INTO BIBLIOTECA.Livro(ISBN,titulo,ano,id_editora,categoria) VALUES ('262106437-X','Past Midnight',2007,58,'Horror|Thriller');
INSERT INTO BIBLIOTECA.Livro(ISBN,titulo,ano,id_editora,categoria) VALUES ('277190839-5','Vigilante',2000,46,'Action|Crime|Drama');
INSERT INTO BIBLIOTECA.Livro(ISBN,titulo,ano,id_editora,categoria) VALUES ('765988378-X','House of the Dead, The',2003,37,'Action|Horror');
INSERT INTO BIBLIOTECA.Livro(ISBN,titulo,ano,id_editora,categoria) VALUES ('510924021-3','One Chance',1993,54,'Comedy|Drama');
INSERT INTO BIBLIOTECA.Livro(ISBN,titulo,ano,id_editora,categoria) VALUES ('275281380-5','Vampire Apocalypse',1967,81,'Comedy|Horror');
INSERT INTO BIBLIOTECA.Livro(ISBN,titulo,ano,id_editora,categoria) VALUES ('554713138-5','Disaster Movie',1992,74,'Comedy');
INSERT INTO BIBLIOTECA.Livro(ISBN,titulo,ano,id_editora,categoria) VALUES ('325615181-7','Out of the Blue',2006,79,'Drama');
INSERT INTO BIBLIOTECA.Livro(ISBN,titulo,ano,id_editora,categoria) VALUES ('873126060-8','Beverly Hillbillies, The',2011,9,'Comedy');
INSERT INTO BIBLIOTECA.Livro(ISBN,titulo,ano,id_editora,categoria) VALUES ('012175642-4','Seven Brothers (Seitsemän veljestä)',1987,83,'Animation|Comedy');
INSERT INTO BIBLIOTECA.Livro(ISBN,titulo,ano,id_editora,categoria) VALUES ('676501613-9','Ice Quake',2011,35,'Action|Sci-Fi|Thriller');
INSERT INTO BIBLIOTECA.Livro(ISBN,titulo,ano,id_editora,categoria) VALUES ('249594664-X','Fierce People',1986,31,'Drama');
INSERT INTO BIBLIOTECA.Livro(ISBN,titulo,ano,id_editora,categoria) VALUES ('380711813-6','Pandora and the Flying Dutchman',2012,82,'Drama');
INSERT INTO BIBLIOTECA.Livro(ISBN,titulo,ano,id_editora,categoria) VALUES ('601817932-6','Perrier''s Bounty',1999,38,'Action|Comedy|Crime|Drama');
INSERT INTO BIBLIOTECA.Livro(ISBN,titulo,ano,id_editora,categoria) VALUES ('990989864-0','Monkey Business',1998,76,'Comedy');
INSERT INTO BIBLIOTECA.Livro(ISBN,titulo,ano,id_editora,categoria) VALUES ('040035185-4','Thunder Soul',2009,62,'Documentary');
INSERT INTO BIBLIOTECA.Livro(ISBN,titulo,ano,id_editora,categoria) VALUES ('322515476-8','Safe Place, A',2000,73,'Drama');
INSERT INTO BIBLIOTECA.Livro(ISBN,titulo,ano,id_editora,categoria) VALUES ('336869802-8','Dog''s Life, A',1970,20,'Comedy');
INSERT INTO BIBLIOTECA.Livro(ISBN,titulo,ano,id_editora,categoria) VALUES ('716876158-7','King Lear',2006,17,'Comedy|Drama|Sci-Fi');
INSERT INTO BIBLIOTECA.Livro(ISBN,titulo,ano,id_editora,categoria) VALUES ('017815275-7','Samurai Rebellion (Jôi-uchi: Hairyô tsuma shimatsu)',1992,55,'Action|Drama');


INSERT INTO BIBLIOTECA.Pessoa(first_name,last_name,data_nascimento,telefone) VALUES ('Rina','McAlindon','2003-09-08',988247615);
INSERT INTO BIBLIOTECA.Pessoa(first_name,last_name,data_nascimento,telefone) VALUES ('Hilton','Haskayne','2008-02-25',962726455);
INSERT INTO BIBLIOTECA.Pessoa(first_name,last_name,data_nascimento,telefone) VALUES ('Ken','Beamond','1987-09-23',995923940);
INSERT INTO BIBLIOTECA.Pessoa(first_name,last_name,data_nascimento,telefone) VALUES ('Blaire','Rawlyns','1978-06-08',928721076);
INSERT INTO BIBLIOTECA.Pessoa(first_name,last_name,data_nascimento,telefone) VALUES ('Samuel','Iacobetto','1997-04-12',998643705);
INSERT INTO BIBLIOTECA.Pessoa(first_name,last_name,data_nascimento,telefone) VALUES ('Paxton','Bonde','1987-10-27',906787835);
INSERT INTO BIBLIOTECA.Pessoa(first_name,last_name,data_nascimento,telefone) VALUES ('Callie','Schuler','2002-11-14',911705801);
INSERT INTO BIBLIOTECA.Pessoa(first_name,last_name,data_nascimento,telefone) VALUES ('Eryn','Bloxam','1983-09-16',918917715);
INSERT INTO BIBLIOTECA.Pessoa(first_name,last_name,data_nascimento,telefone) VALUES ('Sheffield','Warboys','2005-10-27',952491351);
INSERT INTO BIBLIOTECA.Pessoa(first_name,last_name,data_nascimento,telefone) VALUES ('Abey','Yosifov','1985-01-26',959123600);
INSERT INTO BIBLIOTECA.Pessoa(first_name,last_name,data_nascimento,telefone) VALUES ('Percival','Lightoller','1988-01-20',924220437);
INSERT INTO BIBLIOTECA.Pessoa(first_name,last_name,data_nascimento,telefone) VALUES ('Parker','Grzelewski','1984-04-21',976934423);
INSERT INTO BIBLIOTECA.Pessoa(first_name,last_name,data_nascimento,telefone) VALUES ('Tony','Geeves','1975-11-23',909396236);
INSERT INTO BIBLIOTECA.Pessoa(first_name,last_name,data_nascimento,telefone) VALUES ('Xena','Jeenes','2000-08-25',901987688);
INSERT INTO BIBLIOTECA.Pessoa(first_name,last_name,data_nascimento,telefone) VALUES ('Ollie','Willan','1993-12-11',938814718);
INSERT INTO BIBLIOTECA.Pessoa(first_name,last_name,data_nascimento,telefone) VALUES ('Cassie','Crowson','1986-10-14',902283959);
INSERT INTO BIBLIOTECA.Pessoa(first_name,last_name,data_nascimento,telefone) VALUES ('Hobey','Kupisz','2002-12-18',974750206);
INSERT INTO BIBLIOTECA.Pessoa(first_name,last_name,data_nascimento,telefone) VALUES ('Nataline','Crame','1972-04-18',934537893);
INSERT INTO BIBLIOTECA.Pessoa(first_name,last_name,data_nascimento,telefone) VALUES ('Selie','Ramirez','1999-05-07',999467042);
INSERT INTO BIBLIOTECA.Pessoa(first_name,last_name,data_nascimento,telefone) VALUES ('Camella','Ayscough','1997-09-08',972318471);
INSERT INTO BIBLIOTECA.Pessoa(first_name,last_name,data_nascimento,telefone) VALUES ('Hilton','Klassman','1973-11-15',909681190);
INSERT INTO BIBLIOTECA.Pessoa(first_name,last_name,data_nascimento,telefone) VALUES ('Marga','Grevile','2006-12-21',971409589);
INSERT INTO BIBLIOTECA.Pessoa(first_name,last_name,data_nascimento,telefone) VALUES ('Gerik','Brewitt','2009-01-23',948107543);
INSERT INTO BIBLIOTECA.Pessoa(first_name,last_name,data_nascimento,telefone) VALUES ('Virge','Schulter','1994-02-05',907556963);
INSERT INTO BIBLIOTECA.Pessoa(first_name,last_name,data_nascimento,telefone) VALUES ('Loren','Blaylock','1979-11-15',986136531);
INSERT INTO BIBLIOTECA.Pessoa(first_name,last_name,data_nascimento,telefone) VALUES ('Tibold','Heustice','1975-03-16',934528131);
INSERT INTO BIBLIOTECA.Pessoa(first_name,last_name,data_nascimento,telefone) VALUES ('Sara','McKerley','2005-11-09',924937030);
INSERT INTO BIBLIOTECA.Pessoa(first_name,last_name,data_nascimento,telefone) VALUES ('Doll','Pettengell','1972-04-25',988747026);
INSERT INTO BIBLIOTECA.Pessoa(first_name,last_name,data_nascimento,telefone) VALUES ('Ken','Hardi','1971-10-31',942134712);
INSERT INTO BIBLIOTECA.Pessoa(first_name,last_name,data_nascimento,telefone) VALUES ('Rad','Renyard','2003-09-08',984190180);
INSERT INTO BIBLIOTECA.Pessoa(first_name,last_name,data_nascimento,telefone) VALUES ('Bing','MacDavitt','1973-11-09',949335004);
INSERT INTO BIBLIOTECA.Pessoa(first_name,last_name,data_nascimento,telefone) VALUES ('Arleyne','Proctor','1973-03-31',966827518);
INSERT INTO BIBLIOTECA.Pessoa(first_name,last_name,data_nascimento,telefone) VALUES ('Wang','Hellwich','1984-02-28',920615444);
INSERT INTO BIBLIOTECA.Pessoa(first_name,last_name,data_nascimento,telefone) VALUES ('Derry','Roney','1985-08-17',967223670);
INSERT INTO BIBLIOTECA.Pessoa(first_name,last_name,data_nascimento,telefone) VALUES ('Angil','Worthing','1970-12-27',986565835);
INSERT INTO BIBLIOTECA.Pessoa(first_name,last_name,data_nascimento,telefone) VALUES ('Auguste','Taillant','1983-07-05',960391779);
INSERT INTO BIBLIOTECA.Pessoa(first_name,last_name,data_nascimento,telefone) VALUES ('Veronike','Laroze','1988-02-25',970868997);
INSERT INTO BIBLIOTECA.Pessoa(first_name,last_name,data_nascimento,telefone) VALUES ('Myrtle','Tolemache','2007-10-12',917515761);
INSERT INTO BIBLIOTECA.Pessoa(first_name,last_name,data_nascimento,telefone) VALUES ('Marsh','Mary','1985-10-15',954703936);
INSERT INTO BIBLIOTECA.Pessoa(first_name,last_name,data_nascimento,telefone) VALUES ('Roxy','Clowsley','2001-11-10',965640323);
INSERT INTO BIBLIOTECA.Pessoa(first_name,last_name,data_nascimento,telefone) VALUES ('Gwenny','Pounds','2009-06-02',904605389);
INSERT INTO BIBLIOTECA.Pessoa(first_name,last_name,data_nascimento,telefone) VALUES ('Benjy','Koppens','1974-03-15',900762181);
INSERT INTO BIBLIOTECA.Pessoa(first_name,last_name,data_nascimento,telefone) VALUES ('Tess','Dikelin','2008-12-09',949033896);
INSERT INTO BIBLIOTECA.Pessoa(first_name,last_name,data_nascimento,telefone) VALUES ('Roosevelt','Gladman','2006-02-06',908180608);
INSERT INTO BIBLIOTECA.Pessoa(first_name,last_name,data_nascimento,telefone) VALUES ('Farah','Gumery','1977-09-19',947318544);
INSERT INTO BIBLIOTECA.Pessoa(first_name,last_name,data_nascimento,telefone) VALUES ('Kristal','Ivison','1978-06-27',985250543);
INSERT INTO BIBLIOTECA.Pessoa(first_name,last_name,data_nascimento,telefone) VALUES ('Rhody','Kollasch','1984-10-05',933493496);
INSERT INTO BIBLIOTECA.Pessoa(first_name,last_name,data_nascimento,telefone) VALUES ('Cornie','Proswell','1983-09-12',961967666);
INSERT INTO BIBLIOTECA.Pessoa(first_name,last_name,data_nascimento,telefone) VALUES ('Sascha','Spearing','2007-08-16',919249806);
INSERT INTO BIBLIOTECA.Pessoa(first_name,last_name,data_nascimento,telefone) VALUES ('Minnaminnie','Warrior','1999-11-28',951451766);
INSERT INTO BIBLIOTECA.Pessoa(first_name,last_name,data_nascimento,telefone) VALUES ('Woodman','Elvey','1987-09-09',987930861);
INSERT INTO BIBLIOTECA.Pessoa(first_name,last_name,data_nascimento,telefone) VALUES ('Fifine','Goldsberry','2008-08-09',969386655);
INSERT INTO BIBLIOTECA.Pessoa(first_name,last_name,data_nascimento,telefone) VALUES ('Pedro','Wiggin','2006-02-19',915615841);
INSERT INTO BIBLIOTECA.Pessoa(first_name,last_name,data_nascimento,telefone) VALUES ('Worthington','Drage','1992-06-15',942621335);
INSERT INTO BIBLIOTECA.Pessoa(first_name,last_name,data_nascimento,telefone) VALUES ('Germayne','Klementz','1992-01-04',935595957);
INSERT INTO BIBLIOTECA.Pessoa(first_name,last_name,data_nascimento,telefone) VALUES ('Ursulina','Hellyar','2009-04-01',931057699);
INSERT INTO BIBLIOTECA.Pessoa(first_name,last_name,data_nascimento,telefone) VALUES ('Sherrie','Matuska','1976-05-31',956661863);
INSERT INTO BIBLIOTECA.Pessoa(first_name,last_name,data_nascimento,telefone) VALUES ('Marja','Filippov','1978-03-01',930047028);
INSERT INTO BIBLIOTECA.Pessoa(first_name,last_name,data_nascimento,telefone) VALUES ('Britte','Aldington','1997-02-16',981386263);
INSERT INTO BIBLIOTECA.Pessoa(first_name,last_name,data_nascimento,telefone) VALUES ('Eolande','Glenny','1986-11-28',945074572);
INSERT INTO BIBLIOTECA.Pessoa(first_name,last_name,data_nascimento,telefone) VALUES ('Karl','Allington','1996-04-18',973655157);
INSERT INTO BIBLIOTECA.Pessoa(first_name,last_name,data_nascimento,telefone) VALUES ('Elli','Yetton','1976-10-17',909721097);
INSERT INTO BIBLIOTECA.Pessoa(first_name,last_name,data_nascimento,telefone) VALUES ('Jacenta','McGaffey','2007-11-24',913927913);
INSERT INTO BIBLIOTECA.Pessoa(first_name,last_name,data_nascimento,telefone) VALUES ('Roley','Heaker','1978-12-25',990351063);
INSERT INTO BIBLIOTECA.Pessoa(first_name,last_name,data_nascimento,telefone) VALUES ('Alphonso','Ghidotti','1993-07-22',921494422);
INSERT INTO BIBLIOTECA.Pessoa(first_name,last_name,data_nascimento,telefone) VALUES ('Petronia','Kernell','1982-02-26',952591058);
INSERT INTO BIBLIOTECA.Pessoa(first_name,last_name,data_nascimento,telefone) VALUES ('Clair','Haddeston','1998-12-22',915689032);
INSERT INTO BIBLIOTECA.Pessoa(first_name,last_name,data_nascimento,telefone) VALUES ('Dorothee','Pakenham','1997-05-07',925883760);
INSERT INTO BIBLIOTECA.Pessoa(first_name,last_name,data_nascimento,telefone) VALUES ('Kareem','Rosenfelt','1979-05-06',939600689);
INSERT INTO BIBLIOTECA.Pessoa(first_name,last_name,data_nascimento,telefone) VALUES ('Rodolphe','Roads','2006-05-01',976987116);
INSERT INTO BIBLIOTECA.Pessoa(first_name,last_name,data_nascimento,telefone) VALUES ('Jamima','Folkard','1976-11-25',958841865);
INSERT INTO BIBLIOTECA.Pessoa(first_name,last_name,data_nascimento,telefone) VALUES ('Eldin','Dybald','1985-10-04',936494962);
INSERT INTO BIBLIOTECA.Pessoa(first_name,last_name,data_nascimento,telefone) VALUES ('Alane','Durtnal','1975-06-12',932334880);
INSERT INTO BIBLIOTECA.Pessoa(first_name,last_name,data_nascimento,telefone) VALUES ('Beverie','Kelsow','1975-10-06',900776617);
INSERT INTO BIBLIOTECA.Pessoa(first_name,last_name,data_nascimento,telefone) VALUES ('Pippa','Milkin','1971-09-22',910898624);
INSERT INTO BIBLIOTECA.Pessoa(first_name,last_name,data_nascimento,telefone) VALUES ('Cthrine','Boyle','2009-12-28',986719962);
INSERT INTO BIBLIOTECA.Pessoa(first_name,last_name,data_nascimento,telefone) VALUES ('Isa','Paprotny','1994-08-26',957434946);
INSERT INTO BIBLIOTECA.Pessoa(first_name,last_name,data_nascimento,telefone) VALUES ('Kennedy','Flipek','1988-12-08',937480628);
INSERT INTO BIBLIOTECA.Pessoa(first_name,last_name,data_nascimento,telefone) VALUES ('Tabbie','Worledge','1989-06-15',908719709);
INSERT INTO BIBLIOTECA.Pessoa(first_name,last_name,data_nascimento,telefone) VALUES ('Broddie','Oliphand','1993-05-08',908901136);
INSERT INTO BIBLIOTECA.Pessoa(first_name,last_name,data_nascimento,telefone) VALUES ('Yale','Zamorrano','2005-09-24',988216851);
INSERT INTO BIBLIOTECA.Pessoa(first_name,last_name,data_nascimento,telefone) VALUES ('Burlie','Gribbins','1981-04-14',923890323);
INSERT INTO BIBLIOTECA.Pessoa(first_name,last_name,data_nascimento,telefone) VALUES ('Noelani','Christofe','1975-12-28',969697278);
INSERT INTO BIBLIOTECA.Pessoa(first_name,last_name,data_nascimento,telefone) VALUES ('Laural','Stronough','1994-10-29',962684636);
INSERT INTO BIBLIOTECA.Pessoa(first_name,last_name,data_nascimento,telefone) VALUES ('Wilone','Giacaponi','2004-12-04',969902017);
INSERT INTO BIBLIOTECA.Pessoa(first_name,last_name,data_nascimento,telefone) VALUES ('Carl','Aleksahkin','1992-09-28',935881153);
INSERT INTO BIBLIOTECA.Pessoa(first_name,last_name,data_nascimento,telefone) VALUES ('Oberon','Roby','1985-10-08',959263584);
INSERT INTO BIBLIOTECA.Pessoa(first_name,last_name,data_nascimento,telefone) VALUES ('Theodoric','Costar','1990-12-11',932903067);
INSERT INTO BIBLIOTECA.Pessoa(first_name,last_name,data_nascimento,telefone) VALUES ('Gianni','Lammas','2009-05-25',908819428);
INSERT INTO BIBLIOTECA.Pessoa(first_name,last_name,data_nascimento,telefone) VALUES ('Ann','Woollends','1996-08-28',938808364);
INSERT INTO BIBLIOTECA.Pessoa(first_name,last_name,data_nascimento,telefone) VALUES ('Melina','Prewer','1974-08-22',995715539);
INSERT INTO BIBLIOTECA.Pessoa(first_name,last_name,data_nascimento,telefone) VALUES ('Silas','Shepherdson','2001-04-18',995510277);
INSERT INTO BIBLIOTECA.Pessoa(first_name,last_name,data_nascimento,telefone) VALUES ('Charleen','Tomblin','2009-12-30',987586397);
INSERT INTO BIBLIOTECA.Pessoa(first_name,last_name,data_nascimento,telefone) VALUES ('Roi','Bellis','2006-10-22',931270588);
INSERT INTO BIBLIOTECA.Pessoa(first_name,last_name,data_nascimento,telefone) VALUES ('Hill','Coppo','1992-01-08',912882652);
INSERT INTO BIBLIOTECA.Pessoa(first_name,last_name,data_nascimento,telefone) VALUES ('Isidor','McCathy','1985-02-25',915584432);
INSERT INTO BIBLIOTECA.Pessoa(first_name,last_name,data_nascimento,telefone) VALUES ('Juline','Brien','1999-03-01',934934879);
INSERT INTO BIBLIOTECA.Pessoa(first_name,last_name,data_nascimento,telefone) VALUES ('Marvin','Croasdale','1997-04-22',995073925);
INSERT INTO BIBLIOTECA.Pessoa(first_name,last_name,data_nascimento,telefone) VALUES ('Carolynn','Sabathier','1998-01-01',935201424);
INSERT INTO BIBLIOTECA.Pessoa(first_name,last_name,data_nascimento,telefone) VALUES ('Evvie','Van''t Hoff','1977-10-26',934294882);
INSERT INTO BIBLIOTECA.Pessoa(first_name,last_name,data_nascimento,telefone) VALUES ('Laurence','Hundley','2008-06-11',961048495);
INSERT INTO BIBLIOTECA.Pessoa(first_name,last_name,data_nascimento,telefone) VALUES ('Eugenia','Poolman','1975-02-10',904530893);
INSERT INTO BIBLIOTECA.Pessoa(first_name,last_name,data_nascimento,telefone) VALUES ('Ringo','Bedburrow','1974-03-09',909998588);
INSERT INTO BIBLIOTECA.Pessoa(first_name,last_name,data_nascimento,telefone) VALUES ('Hew','Apple','2004-05-20',963856064);
INSERT INTO BIBLIOTECA.Pessoa(first_name,last_name,data_nascimento,telefone) VALUES ('Janenna','McClelland','2006-08-11',920286689);
INSERT INTO BIBLIOTECA.Pessoa(first_name,last_name,data_nascimento,telefone) VALUES ('Marie-jeanne','Hedaux','1990-05-02',911669039);
INSERT INTO BIBLIOTECA.Pessoa(first_name,last_name,data_nascimento,telefone) VALUES ('Piper','Jiranek','1984-01-09',955712308);
INSERT INTO BIBLIOTECA.Pessoa(first_name,last_name,data_nascimento,telefone) VALUES ('Gabriela','Thurling','1992-11-01',975811709);
INSERT INTO BIBLIOTECA.Pessoa(first_name,last_name,data_nascimento,telefone) VALUES ('Heda','Cheston','2003-11-27',952194568);
INSERT INTO BIBLIOTECA.Pessoa(first_name,last_name,data_nascimento,telefone) VALUES ('Sophie','Berrow','1977-09-05',949862000);
INSERT INTO BIBLIOTECA.Pessoa(first_name,last_name,data_nascimento,telefone) VALUES ('Halimeda','McCobb','1994-04-08',903273685);
INSERT INTO BIBLIOTECA.Pessoa(first_name,last_name,data_nascimento,telefone) VALUES ('Viviana','Lunny','1991-06-23',900552601);
INSERT INTO BIBLIOTECA.Pessoa(first_name,last_name,data_nascimento,telefone) VALUES ('Nert','Staveley','2008-03-15',914733688);
INSERT INTO BIBLIOTECA.Pessoa(first_name,last_name,data_nascimento,telefone) VALUES ('Hillary','Gyrgorwicx','1976-04-13',978132460);
INSERT INTO BIBLIOTECA.Pessoa(first_name,last_name,data_nascimento,telefone) VALUES ('Patricia','Grzegorecki','1973-06-12',917129270);

insert into BIBLIOTECA.Autor (id_autor) values (71);
insert into BIBLIOTECA.Autor (id_autor) values (72);
insert into BIBLIOTECA.Autor (id_autor) values (73);
insert into BIBLIOTECA.Autor (id_autor) values (74);
insert into BIBLIOTECA.Autor (id_autor) values (75);
insert into BIBLIOTECA.Autor (id_autor) values (76);
insert into BIBLIOTECA.Autor (id_autor) values (77);
insert into BIBLIOTECA.Autor (id_autor) values (78);
insert into BIBLIOTECA.Autor (id_autor) values (79);
insert into BIBLIOTECA.Autor (id_autor) values (80);
insert into BIBLIOTECA.Autor (id_autor) values (81);
insert into BIBLIOTECA.Autor (id_autor) values (82);
insert into BIBLIOTECA.Autor (id_autor) values (83);
insert into BIBLIOTECA.Autor (id_autor) values (84);
insert into BIBLIOTECA.Autor (id_autor) values (85);
insert into BIBLIOTECA.Autor (id_autor) values (86);
insert into BIBLIOTECA.Autor (id_autor) values (87);
insert into BIBLIOTECA.Autor (id_autor) values (88);
insert into BIBLIOTECA.Autor (id_autor) values (89);
insert into BIBLIOTECA.Autor (id_autor) values (90);
insert into BIBLIOTECA.Autor (id_autor) values (91);
insert into BIBLIOTECA.Autor (id_autor) values (92);
insert into BIBLIOTECA.Autor (id_autor) values (93);
insert into BIBLIOTECA.Autor (id_autor) values (94);
insert into BIBLIOTECA.Autor (id_autor) values (95);
insert into BIBLIOTECA.Autor (id_autor) values (96);
insert into BIBLIOTECA.Autor (id_autor) values (97);
insert into BIBLIOTECA.Autor (id_autor) values (98);
insert into BIBLIOTECA.Autor (id_autor) values (99);
insert into BIBLIOTECA.Autor (id_autor) values (100);


insert into BIBLIOTECA.Escreve (id_livro, id_autor) values ('336869802-8', '95');
insert into BIBLIOTECA.Escreve (id_livro, id_autor) values ('515550891-6', '71');
insert into BIBLIOTECA.Escreve (id_livro, id_autor) values ('893626169-X', '95');
insert into BIBLIOTECA.Escreve (id_livro, id_autor) values ('219467184-6', '75');
insert into BIBLIOTECA.Escreve (id_livro, id_autor) values ('176225090-X', '98');
insert into BIBLIOTECA.Escreve (id_livro, id_autor) values ('465787435-7', '79');
insert into BIBLIOTECA.Escreve (id_livro, id_autor) values ('267861215-5', '81');
insert into BIBLIOTECA.Escreve (id_livro, id_autor) values ('295578735-3', '99');
insert into BIBLIOTECA.Escreve (id_livro, id_autor) values ('219467184-6', '98');
insert into BIBLIOTECA.Escreve (id_livro, id_autor) values ('012175642-4', '92');
insert into BIBLIOTECA.Escreve (id_livro, id_autor) values ('893626169-X', '75');
insert into BIBLIOTECA.Escreve (id_livro, id_autor) values ('558462986-3', '76');
insert into BIBLIOTECA.Escreve (id_livro, id_autor) values ('964989004-1', '77');
insert into BIBLIOTECA.Escreve (id_livro, id_autor) values ('716876158-7', '90');
insert into BIBLIOTECA.Escreve (id_livro, id_autor) values ('036176734-X', '82');
insert into BIBLIOTECA.Escreve (id_livro, id_autor) values ('306323254-8', '84');
insert into BIBLIOTECA.Escreve (id_livro, id_autor) values ('336869802-8', '80');
insert into BIBLIOTECA.Escreve (id_livro, id_autor) values ('877009566-3', '88');
insert into BIBLIOTECA.Escreve (id_livro, id_autor) values ('219467184-6', '82');
insert into BIBLIOTECA.Escreve (id_livro, id_autor) values ('571256604-4', '77');
insert into BIBLIOTECA.Escreve (id_livro, id_autor) values ('121274815-8', '77');
insert into BIBLIOTECA.Escreve (id_livro, id_autor) values ('372128928-5', '95');
insert into BIBLIOTECA.Escreve (id_livro, id_autor) values ('721661308-2', '71');
insert into BIBLIOTECA.Escreve (id_livro, id_autor) values ('908021166-4', '99');
insert into BIBLIOTECA.Escreve (id_livro, id_autor) values ('602419136-7', '90');
insert into BIBLIOTECA.Escreve (id_livro, id_autor) values ('135585941-7', '82');
insert into BIBLIOTECA.Escreve (id_livro, id_autor) values ('322712572-2', '79');
insert into BIBLIOTECA.Escreve (id_livro, id_autor) values ('560948334-4', '87');
insert into BIBLIOTECA.Escreve (id_livro, id_autor) values ('249594664-X', '94');
insert into BIBLIOTECA.Escreve (id_livro, id_autor) values ('843974739-X', '100');
insert into BIBLIOTECA.Escreve (id_livro, id_autor) values ('058527684-6', '94');
insert into BIBLIOTECA.Escreve (id_livro, id_autor) values ('893626169-X', '89');
insert into BIBLIOTECA.Escreve (id_livro, id_autor) values ('401899452-4', '75');
insert into BIBLIOTECA.Escreve (id_livro, id_autor) values ('012175642-4', '83');
insert into BIBLIOTECA.Escreve (id_livro, id_autor) values ('044295448-4', '88');
insert into BIBLIOTECA.Escreve (id_livro, id_autor) values ('908021166-4', '74');
insert into BIBLIOTECA.Escreve (id_livro, id_autor) values ('162020758-3', '94');
insert into BIBLIOTECA.Escreve (id_livro, id_autor) values ('837853201-1', '84');
insert into BIBLIOTECA.Escreve (id_livro, id_autor) values ('261261545-8', '89');
insert into BIBLIOTECA.Escreve (id_livro, id_autor) values ('322515476-8', '83');
insert into BIBLIOTECA.Escreve (id_livro, id_autor) values ('040035185-4', '96');
insert into BIBLIOTECA.Escreve (id_livro, id_autor) values ('997003180-5', '89');
insert into BIBLIOTECA.Escreve (id_livro, id_autor) values ('017815275-7', '92');
insert into BIBLIOTECA.Escreve (id_livro, id_autor) values ('409410606-5', '87');
insert into BIBLIOTECA.Escreve (id_livro, id_autor) values ('630289158-2', '80');
insert into BIBLIOTECA.Escreve (id_livro, id_autor) values ('027071553-3', '76');
insert into BIBLIOTECA.Escreve (id_livro, id_autor) values ('716876158-7', '99');
insert into BIBLIOTECA.Escreve (id_livro, id_autor) values ('121274815-8', '71');
insert into BIBLIOTECA.Escreve (id_livro, id_autor) values ('571256604-4', '73');
insert into BIBLIOTECA.Escreve (id_livro, id_autor) values ('310709179-0', '95');
insert into BIBLIOTECA.Escreve (id_livro, id_autor) values ('176225090-X', '77');
insert into BIBLIOTECA.Escreve (id_livro, id_autor) values ('036176734-X', '91');
insert into BIBLIOTECA.Escreve (id_livro, id_autor) values ('571256604-4', '90');
insert into BIBLIOTECA.Escreve (id_livro, id_autor) values ('176225090-X', '72');
insert into BIBLIOTECA.Escreve (id_livro, id_autor) values ('858846453-5', '83');
insert into BIBLIOTECA.Escreve (id_livro, id_autor) values ('176225090-X', '85');
insert into BIBLIOTECA.Escreve (id_livro, id_autor) values ('527266416-7', '94');
insert into BIBLIOTECA.Escreve (id_livro, id_autor) values ('939078781-5', '90');
insert into BIBLIOTECA.Escreve (id_livro, id_autor) values ('264328182-9', '73');
insert into BIBLIOTECA.Escreve (id_livro, id_autor) values ('716876158-7', '75');
insert into BIBLIOTECA.Escreve (id_livro, id_autor) values ('510924021-3', '71');
insert into BIBLIOTECA.Escreve (id_livro, id_autor) values ('322712572-2', '85');
insert into BIBLIOTECA.Escreve (id_livro, id_autor) values ('176225090-X', '97');
insert into BIBLIOTECA.Escreve (id_livro, id_autor) values ('306323254-8', '87');
insert into BIBLIOTECA.Escreve (id_livro, id_autor) values ('939078781-5', '89');
insert into BIBLIOTECA.Escreve (id_livro, id_autor) values ('364734155-X', '88');
insert into BIBLIOTECA.Escreve (id_livro, id_autor) values ('434902596-0', '85');
insert into BIBLIOTECA.Escreve (id_livro, id_autor) values ('843974739-X', '90');
insert into BIBLIOTECA.Escreve (id_livro, id_autor) values ('380711813-6', '78');
insert into BIBLIOTECA.Escreve (id_livro, id_autor) values ('414534023-X', '74');
insert into BIBLIOTECA.Escreve (id_livro, id_autor) values ('837853201-1', '87');
insert into BIBLIOTECA.Escreve (id_livro, id_autor) values ('409410606-5', '90');
insert into BIBLIOTECA.Escreve (id_livro, id_autor) values ('609326005-4', '100');
insert into BIBLIOTECA.Escreve (id_livro, id_autor) values ('036176734-X', '84');
insert into BIBLIOTECA.Escreve (id_livro, id_autor) values ('306323254-8', '88');
insert into BIBLIOTECA.Escreve (id_livro, id_autor) values ('058527684-6', '85');
insert into BIBLIOTECA.Escreve (id_livro, id_autor) values ('848391936-2', '98');
insert into BIBLIOTECA.Escreve (id_livro, id_autor) values ('036176734-X', '90');
insert into BIBLIOTECA.Escreve (id_livro, id_autor) values ('519009850-8', '95');
insert into BIBLIOTECA.Escreve (id_livro, id_autor) values ('270679165-9', '84');
insert into BIBLIOTECA.Escreve (id_livro, id_autor) values ('401899452-4', '90');
insert into BIBLIOTECA.Escreve (id_livro, id_autor) values ('162020758-3', '87');
insert into BIBLIOTECA.Escreve (id_livro, id_autor) values ('515550891-6', '85');
insert into BIBLIOTECA.Escreve (id_livro, id_autor) values ('511611899-1', '95');
insert into BIBLIOTECA.Escreve (id_livro, id_autor) values ('654001014-1', '85');
insert into BIBLIOTECA.Escreve (id_livro, id_autor) values ('908021166-4', '100');
insert into BIBLIOTECA.Escreve (id_livro, id_autor) values ('558462986-3', '80');
insert into BIBLIOTECA.Escreve (id_livro, id_autor) values ('877009566-3', '80');
insert into BIBLIOTECA.Escreve (id_livro, id_autor) values ('755805247-5', '82');
insert into BIBLIOTECA.Escreve (id_livro, id_autor) values ('380711813-6', '87');
insert into BIBLIOTECA.Escreve (id_livro, id_autor) values ('016059914-8', '97');
insert into BIBLIOTECA.Escreve (id_livro, id_autor) values ('336869802-8', '78');
insert into BIBLIOTECA.Escreve (id_livro, id_autor) values ('267861215-5', '82');
insert into BIBLIOTECA.Escreve (id_livro, id_autor) values ('519009850-8', '85');
insert into BIBLIOTECA.Escreve (id_livro, id_autor) values ('527266416-7', '73');
insert into BIBLIOTECA.Escreve (id_livro, id_autor) values ('012175642-4', '82');
insert into BIBLIOTECA.Escreve (id_livro, id_autor) values ('602419136-7', '78');
insert into BIBLIOTECA.Escreve (id_livro, id_autor) values ('187164259-0', '78');
insert into BIBLIOTECA.Escreve (id_livro, id_autor) values ('843974739-X', '85');
insert into BIBLIOTECA.Escreve (id_livro, id_autor) values ('554713138-5', '89');


insert into BIBLIOTECA.Cliente (id_cliente, morada, mail, nif) values (1, '0162 Valley Edge Drive', 'fmumford0@parallels.com', '339451477');
insert into BIBLIOTECA.Cliente (id_cliente, morada, mail, nif) values (2, '5325 Spenser Street', 'fcanty1@java.com', '343304028');
insert into BIBLIOTECA.Cliente (id_cliente, morada, mail, nif) values (3, '3059 Arizona Crossing', 'jleynton2@sitemeter.com', '704067254');
insert into BIBLIOTECA.Cliente (id_cliente, morada, mail, nif) values (4, '02936 Nelson Way', 'rnowakowski3@ox.ac.uk', '999924150');
insert into BIBLIOTECA.Cliente (id_cliente, morada, mail, nif) values (5, '2044 Pine View Parkway', 'amackrell4@boston.com', '440653953');
insert into BIBLIOTECA.Cliente (id_cliente, morada, mail, nif) values (6, '9 Manitowish Way', 'mhudspeth5@va.gov', '621447256');
insert into BIBLIOTECA.Cliente (id_cliente, morada, mail, nif) values (7, '09 Debra Crossing', 'kgleeton6@techcrunch.com', '332716305');
insert into BIBLIOTECA.Cliente (id_cliente, morada, mail, nif) values (8, '51182 Clove Park', 'tkupper7@sun.com', '442003756');
insert into BIBLIOTECA.Cliente (id_cliente, morada, mail, nif) values (9, '80 Veith Parkway', 'gbodd8@sogou.com', '613075893');
insert into BIBLIOTECA.Cliente (id_cliente, morada, mail, nif) values (10, '50117 Green Alley', 'hnorthrop9@freewebs.com', '576709125');
insert into BIBLIOTECA.Cliente (id_cliente, morada, mail, nif) values (11, '6461 Meadow Ridge Terrace', 'gsmalmana@hp.com', '373999934');
insert into BIBLIOTECA.Cliente (id_cliente, morada, mail, nif) values (12, '9603 Evergreen Plaza', 'tpepallb@time.com', '493019429');
insert into BIBLIOTECA.Cliente (id_cliente, morada, mail, nif) values (13, '9 Dakota Circle', 'eprobackc@yahoo.com', '941313876');
insert into BIBLIOTECA.Cliente (id_cliente, morada, mail, nif) values (14, '41860 Eggendart Drive', 'lmowsond@disqus.com', '323462706');
insert into BIBLIOTECA.Cliente (id_cliente, morada, mail, nif) values (15, '602 Sycamore Park', 'vbeddoese@census.gov', '813078486');
insert into BIBLIOTECA.Cliente (id_cliente, morada, mail, nif) values (16, '843 Declaration Trail', 'cgowlingf@instagram.com', '126517136');
insert into BIBLIOTECA.Cliente (id_cliente, morada, mail, nif) values (17, '99 2nd Parkway', 'mortzeng@opensource.org', '492162624');
insert into BIBLIOTECA.Cliente (id_cliente, morada, mail, nif) values (18, '14 Vahlen Place', 'jbohmanh@gmpg.org', '708068578');
insert into BIBLIOTECA.Cliente (id_cliente, morada, mail, nif) values (19, '4018 Pepper Wood Circle', 'rbirdisi@ovh.net', '599110042');
insert into BIBLIOTECA.Cliente (id_cliente, morada, mail, nif) values (20, '9 Blaine Alley', 'mhawkswoodj@paypal.com', '190631577');
insert into BIBLIOTECA.Cliente (id_cliente, morada, mail, nif) values (21, '46197 Hanover Place', 'grussik@dell.com', '481617403');
insert into BIBLIOTECA.Cliente (id_cliente, morada, mail, nif) values (22, '08437 Waywood Park', 'cwernherl@google.es', '838142958');
insert into BIBLIOTECA.Cliente (id_cliente, morada, mail, nif) values (23, '9439 Sutteridge Drive', 'smartinuzzim@mashable.com', '716185852');
insert into BIBLIOTECA.Cliente (id_cliente, morada, mail, nif) values (24, '7259 Pearson Avenue', 'aalywenn@npr.org', '762010814');
insert into BIBLIOTECA.Cliente (id_cliente, morada, mail, nif) values (25, '1 Pepper Wood Parkway', 'ocrokero@bbb.org', '676045217');
insert into BIBLIOTECA.Cliente (id_cliente, morada, mail, nif) values (26, '1 Straubel Avenue', 'mcathrallp@sakura.ne.jp', '494299560');
insert into BIBLIOTECA.Cliente (id_cliente, morada, mail, nif) values (27, '8126 Elmside Crossing', 'cclemmensenq@va.gov', '603358664');
insert into BIBLIOTECA.Cliente (id_cliente, morada, mail, nif) values (28, '8 Kensington Trail', 'gmccoyr@reverbnation.com', '107212427');
insert into BIBLIOTECA.Cliente (id_cliente, morada, mail, nif) values (29, '671 Forest Run Plaza', 'dnutbeans@twitter.com', '719079013');
insert into BIBLIOTECA.Cliente (id_cliente, morada, mail, nif) values (30, '8717 Ohio Street', 'kgauntert@usa.gov', '642270997');
insert into BIBLIOTECA.Cliente (id_cliente, morada, mail, nif) values (31, '9 Center Road', 'anawtonu@etsy.com', '419669634');
insert into BIBLIOTECA.Cliente (id_cliente, morada, mail, nif) values (32, '82654 Prairieview Street', 'fstranierov@myspace.com', '864207138');
insert into BIBLIOTECA.Cliente (id_cliente, morada, mail, nif) values (33, '8 Old Gate Trail', 'lmillomw@istockphoto.com', '239650120');
insert into BIBLIOTECA.Cliente (id_cliente, morada, mail, nif) values (34, '6345 Longview Center', 'dtantex@ucsd.edu', '237392146');
insert into BIBLIOTECA.Cliente (id_cliente, morada, mail, nif) values (35, '10 Blackbird Place', 'dhacardy@wikipedia.org', '039235406');
insert into BIBLIOTECA.Cliente (id_cliente, morada, mail, nif) values (36, '0756 Commercial Center', 'dtemlettz@about.me', '860966851');
insert into BIBLIOTECA.Cliente (id_cliente, morada, mail, nif) values (37, '807 Bonner Point', 'obunclark10@drupal.org', '985997751');
insert into BIBLIOTECA.Cliente (id_cliente, morada, mail, nif) values (38, '4059 Manley Junction', 'pnoke11@springer.com', '612345034');
insert into BIBLIOTECA.Cliente (id_cliente, morada, mail, nif) values (39, '2 Banding Pass', 'ypetrecz12@mediafire.com', '628229626');
insert into BIBLIOTECA.Cliente (id_cliente, morada, mail, nif) values (40, '72671 Debra Park', 'aspoole13@google.com.br', '553446423');
insert into BIBLIOTECA.Cliente (id_cliente, morada, mail, nif) values (41, '0903 Eagan Terrace', 'cwelbourn14@behance.net', '373736199');
insert into BIBLIOTECA.Cliente (id_cliente, morada, mail, nif) values (42, '7103 Kennedy Alley', 'privers15@csmonitor.com', '939402245');
insert into BIBLIOTECA.Cliente (id_cliente, morada, mail, nif) values (43, '3 Buena Vista Pass', 'lvanyatin16@latimes.com', '449090616');
insert into BIBLIOTECA.Cliente (id_cliente, morada, mail, nif) values (44, '51117 Messerschmidt Way', 'oleipoldt17@discuz.net', '128867240');
insert into BIBLIOTECA.Cliente (id_cliente, morada, mail, nif) values (45, '23005 Blackbird Drive', 'aogrowgane18@cornell.edu', '158163358');
insert into BIBLIOTECA.Cliente (id_cliente, morada, mail, nif) values (46, '2 Sutteridge Circle', 'asayer19@nature.com', '758412583');
insert into BIBLIOTECA.Cliente (id_cliente, morada, mail, nif) values (47, '35636 Bultman Point', 'tsherwen1a@techcrunch.com', '590223021');
insert into BIBLIOTECA.Cliente (id_cliente, morada, mail, nif) values (48, '3 Oakridge Alley', 'lpainter1b@hostgator.com', '124494345');
insert into BIBLIOTECA.Cliente (id_cliente, morada, mail, nif) values (49, '00709 Washington Park', 'cshapera1c@alibaba.com', '495722581');
insert into BIBLIOTECA.Cliente (id_cliente, morada, mail, nif) values (50, '5 Carioca Road', 'bmackeague1d@samsung.com', '157417217');
insert into BIBLIOTECA.Cliente (id_cliente, morada, mail, nif) values (51, '31158 Springs Plaza', 'scheverton1e@chicagotribune.com', '149882423');
insert into BIBLIOTECA.Cliente (id_cliente, morada, mail, nif) values (52, '012 Russell Point', 'vspridgeon1f@omniture.com', '691548398');
insert into BIBLIOTECA.Cliente (id_cliente, morada, mail, nif) values (53, '3 Scott Alley', 'jbernette1g@slate.com', '250211563');
insert into BIBLIOTECA.Cliente (id_cliente, morada, mail, nif) values (54, '6 Northland Crossing', 'flewknor1h@cocolog-nifty.com', '978145652');
insert into BIBLIOTECA.Cliente (id_cliente, morada, mail, nif) values (55, '0962 Mandrake Way', 'fruggieri1i@flickr.com', '257139177');
insert into BIBLIOTECA.Cliente (id_cliente, morada, mail, nif) values (56, '91 Hayes Crossing', 'dsubhan1j@washington.edu', '504864096');
insert into BIBLIOTECA.Cliente (id_cliente, morada, mail, nif) values (57, '1 Browning Parkway', 'gfigge1k@va.gov', '352737842');
insert into BIBLIOTECA.Cliente (id_cliente, morada, mail, nif) values (58, '90754 Doe Crossing Road', 'tzorn1l@bbc.co.uk', '870679912');
insert into BIBLIOTECA.Cliente (id_cliente, morada, mail, nif) values (59, '80080 Killdeer Trail', 'kanthes1m@theguardian.com', '272800272');
insert into BIBLIOTECA.Cliente (id_cliente, morada, mail, nif) values (60, '77150 Utah Circle', 'hwannes1n@nsw.gov.au', '631303483');
insert into BIBLIOTECA.Cliente (id_cliente, morada, mail, nif) values (61, '182 Sugar Center', 'bklausewitz1o@jiathis.com', '765587810');
insert into BIBLIOTECA.Cliente (id_cliente, morada, mail, nif) values (62, '3340 Debs Drive', 'ejameson1p@lycos.com', '714826310');
insert into BIBLIOTECA.Cliente (id_cliente, morada, mail, nif) values (63, '0 Sutteridge Court', 'mmebes1q@creativecommons.org', '938374533');
insert into BIBLIOTECA.Cliente (id_cliente, morada, mail, nif) values (64, '10502 Lyons Center', 'ngodier1r@reverbnation.com', '230963518');
insert into BIBLIOTECA.Cliente (id_cliente, morada, mail, nif) values (65, '570 Oneill Pass', 'fbroxup1s@reference.com', '326080041');
insert into BIBLIOTECA.Cliente (id_cliente, morada, mail, nif) values (66, '62 Riverside Way', 'zgliddon1t@usa.gov', '732600237');
insert into BIBLIOTECA.Cliente (id_cliente, morada, mail, nif) values (67, '4 Autumn Leaf Hill', 'nbillin1u@1und1.de', '992400787');
insert into BIBLIOTECA.Cliente (id_cliente, morada, mail, nif) values (68, '10121 Fordem Crossing', 'molivie1v@a8.net', '529324831');
insert into BIBLIOTECA.Cliente (id_cliente, morada, mail, nif) values (69, '47068 Meadow Valley Alley', 'pgiabuzzi1w@bbb.org', '485578746');
insert into BIBLIOTECA.Cliente (id_cliente, morada, mail, nif) values (70, '8889 Hollow Ridge Circle', 'tbeales1x@state.gov', '995383813');


insert into BIBLIOTECA.Socio (comprovativo, id_cliente, id_socio) values ('True', 9, '13509');
insert into BIBLIOTECA.Socio (comprovativo, id_cliente, id_socio) values ('False', 65, '19879');
insert into BIBLIOTECA.Socio (comprovativo, id_cliente, id_socio) values ('True', 37, '21978');
insert into BIBLIOTECA.Socio (comprovativo, id_cliente, id_socio) values ('True', 11, '58115');
insert into BIBLIOTECA.Socio (comprovativo, id_cliente, id_socio) values ('True', 41, '48001');
insert into BIBLIOTECA.Socio (comprovativo, id_cliente, id_socio) values ('False', 70, '30985');
insert into BIBLIOTECA.Socio (comprovativo, id_cliente, id_socio) values ('False', 23, '09037');
insert into BIBLIOTECA.Socio (comprovativo, id_cliente, id_socio) values ('True', 37, '90636');
insert into BIBLIOTECA.Socio (comprovativo, id_cliente, id_socio) values ('False', 5, '60344');
insert into BIBLIOTECA.Socio (comprovativo, id_cliente, id_socio) values ('False', 56, '41093');
insert into BIBLIOTECA.Socio (comprovativo, id_cliente, id_socio) values ('True', 10, '13219');
insert into BIBLIOTECA.Socio (comprovativo, id_cliente, id_socio) values ('True', 69, '89042');
insert into BIBLIOTECA.Socio (comprovativo, id_cliente, id_socio) values ('True', 5, '15330');
insert into BIBLIOTECA.Socio (comprovativo, id_cliente, id_socio) values ('True', 36, '15112');
insert into BIBLIOTECA.Socio (comprovativo, id_cliente, id_socio) values ('True', 37, '00105');
insert into BIBLIOTECA.Socio (comprovativo, id_cliente, id_socio) values ('False', 15, '42700');
insert into BIBLIOTECA.Socio (comprovativo, id_cliente, id_socio) values ('True', 19, '59804');
insert into BIBLIOTECA.Socio (comprovativo, id_cliente, id_socio) values ('False', 6, '44871');
insert into BIBLIOTECA.Socio (comprovativo, id_cliente, id_socio) values ('True', 60, '02176');
insert into BIBLIOTECA.Socio (comprovativo, id_cliente, id_socio) values ('False', 66, '20711');
insert into BIBLIOTECA.Socio (comprovativo, id_cliente, id_socio) values ('True', 57, '96124');
insert into BIBLIOTECA.Socio (comprovativo, id_cliente, id_socio) values ('True', 37, '87949');
insert into BIBLIOTECA.Socio (comprovativo, id_cliente, id_socio) values ('True', 14, '59732');
insert into BIBLIOTECA.Socio (comprovativo, id_cliente, id_socio) values ('True', 57, '96211');
insert into BIBLIOTECA.Socio (comprovativo, id_cliente, id_socio) values ('True', 52, '73753');
insert into BIBLIOTECA.Socio (comprovativo, id_cliente, id_socio) values ('True', 56, '51466');
insert into BIBLIOTECA.Socio (comprovativo, id_cliente, id_socio) values ('False', 59, '88705');
insert into BIBLIOTECA.Socio (comprovativo, id_cliente, id_socio) values ('True', 21, '10562');
insert into BIBLIOTECA.Socio (comprovativo, id_cliente, id_socio) values ('False', 68, '82990');
insert into BIBLIOTECA.Socio (comprovativo, id_cliente, id_socio) values ('False', 1, '55503');
insert into BIBLIOTECA.Socio (comprovativo, id_cliente, id_socio) values ('True', 45, '72917');
insert into BIBLIOTECA.Socio (comprovativo, id_cliente, id_socio) values ('False', 14, '09967');
insert into BIBLIOTECA.Socio (comprovativo, id_cliente, id_socio) values ('False', 12, '27490');
insert into BIBLIOTECA.Socio (comprovativo, id_cliente, id_socio) values ('True', 3, '06658');
insert into BIBLIOTECA.Socio (comprovativo, id_cliente, id_socio) values ('False', 41, '53187');
insert into BIBLIOTECA.Socio (comprovativo, id_cliente, id_socio) values ('True', 57, '98612');
insert into BIBLIOTECA.Socio (comprovativo, id_cliente, id_socio) values ('False', 60, '91553');
insert into BIBLIOTECA.Socio (comprovativo, id_cliente, id_socio) values ('True', 15, '57050');
insert into BIBLIOTECA.Socio (comprovativo, id_cliente, id_socio) values ('True', 64, '69210');
insert into BIBLIOTECA.Socio (comprovativo, id_cliente, id_socio) values ('True', 7, '71377');
insert into BIBLIOTECA.Socio (comprovativo, id_cliente, id_socio) values ('False', 31, '85870');
insert into BIBLIOTECA.Socio (comprovativo, id_cliente, id_socio) values ('False', 69, '03214');
insert into BIBLIOTECA.Socio (comprovativo, id_cliente, id_socio) values ('True', 36, '99080');
insert into BIBLIOTECA.Socio (comprovativo, id_cliente, id_socio) values ('False', 7, '50007');
insert into BIBLIOTECA.Socio (comprovativo, id_cliente, id_socio) values ('False', 56, '91926');
insert into BIBLIOTECA.Socio (comprovativo, id_cliente, id_socio) values ('False', 6, '21631');
insert into BIBLIOTECA.Socio (comprovativo, id_cliente, id_socio) values ('True', 64, '63594');
insert into BIBLIOTECA.Socio (comprovativo, id_cliente, id_socio) values ('True', 24, '17068');
insert into BIBLIOTECA.Socio (comprovativo, id_cliente, id_socio) values ('True', 6, '45211');
insert into BIBLIOTECA.Socio (comprovativo, id_cliente, id_socio) values ('False', 54, '60641');


insert into BIBLIOTECA.Nao_Socio (id_cliente, forma_pagamento) values (51, 'diners-club-carte-blanche');
insert into BIBLIOTECA.Nao_Socio (id_cliente, forma_pagamento) values (52, 'jcb');
insert into BIBLIOTECA.Nao_Socio (id_cliente, forma_pagamento) values (53, 'maestro');
insert into BIBLIOTECA.Nao_Socio (id_cliente, forma_pagamento) values (54, 'diners-club-enroute');
insert into BIBLIOTECA.Nao_Socio (id_cliente, forma_pagamento) values (55, 'jcb');
insert into BIBLIOTECA.Nao_Socio (id_cliente, forma_pagamento) values (56, 'mastercard');
insert into BIBLIOTECA.Nao_Socio (id_cliente, forma_pagamento) values (57, 'jcb');
insert into BIBLIOTECA.Nao_Socio (id_cliente, forma_pagamento) values (58, 'china-unionpay');
insert into BIBLIOTECA.Nao_Socio (id_cliente, forma_pagamento) values (59, 'diners-club-carte-blanche');
insert into BIBLIOTECA.Nao_Socio (id_cliente, forma_pagamento) values (60, 'jcb');
insert into BIBLIOTECA.Nao_Socio (id_cliente, forma_pagamento) values (61, 'switch');
insert into BIBLIOTECA.Nao_Socio (id_cliente, forma_pagamento) values (62, 'jcb');
insert into BIBLIOTECA.Nao_Socio (id_cliente, forma_pagamento) values (63, 'jcb');
insert into BIBLIOTECA.Nao_Socio (id_cliente, forma_pagamento) values (64, 'jcb');
insert into BIBLIOTECA.Nao_Socio (id_cliente, forma_pagamento) values (65, 'americanexpress');
insert into BIBLIOTECA.Nao_Socio (id_cliente, forma_pagamento) values (66, 'instapayment');
insert into BIBLIOTECA.Nao_Socio (id_cliente, forma_pagamento) values (67, 'visa-electron');
insert into BIBLIOTECA.Nao_Socio (id_cliente, forma_pagamento) values (68, 'jcb');
insert into BIBLIOTECA.Nao_Socio (id_cliente, forma_pagamento) values (69, 'diners-club-carte-blanche');
insert into BIBLIOTECA.Nao_Socio (id_cliente, forma_pagamento) values (70, 'mastercard');


insert into BIBLIOTECA.Funcionario (id_funcionario, morada) values (101, '8098 Commercial Crossing');
insert into BIBLIOTECA.Funcionario (id_funcionario, morada) values (102, '63 Aberg Drive');
insert into BIBLIOTECA.Funcionario (id_funcionario, morada) values (103, '378 Golf Course Place');
insert into BIBLIOTECA.Funcionario (id_funcionario, morada) values (104, '107 Basil Road');
insert into BIBLIOTECA.Funcionario (id_funcionario, morada) values (105, '22404 American Ash Parkway');
insert into BIBLIOTECA.Funcionario (id_funcionario, morada) values (106, '36521 Moland Drive');
insert into BIBLIOTECA.Funcionario (id_funcionario, morada) values (107, '6211 Arizona Terrace');
insert into BIBLIOTECA.Funcionario (id_funcionario, morada) values (108, '3 Mayfield Alley');
insert into BIBLIOTECA.Funcionario (id_funcionario, morada) values (109, '64 Grayhawk Way');
insert into BIBLIOTECA.Funcionario (id_funcionario, morada) values (110, '6270 Mifflin Alley');
insert into BIBLIOTECA.Funcionario (id_funcionario, morada) values (111, '8 Melody Alley');
insert into BIBLIOTECA.Funcionario (id_funcionario, morada) values (112, '94003 Coleman Plaza');
insert into BIBLIOTECA.Funcionario (id_funcionario, morada) values (113, '8 Larry Crossing');
insert into BIBLIOTECA.Funcionario (id_funcionario, morada) values (114, '82 Norway Maple Avenue');
insert into BIBLIOTECA.Funcionario (id_funcionario, morada) values (115, '118 Village Plaza');

insert into BIBLIOTECA.Emprestimo(data_saida,data_entrega,data_chegada) values (GETDATE(),GETDATE(),GETDATE()) --para poder criar novos livros
insert into BIBLIOTECA.Emprestimo ( data_saida, data_entrega, data_chegada, funcionario, cliente) values ('2019-08-30', '2019-09-14', '2019-09-03', 111, 16);
insert into BIBLIOTECA.Emprestimo ( data_saida, data_entrega, data_chegada, funcionario, cliente) values ('2019-05-05', '2019-05-20', '2019-05-16', 115, 44);
insert into BIBLIOTECA.Emprestimo ( data_saida, data_entrega, data_chegada, funcionario, cliente) values ('2019-09-03', '2019-09-18', '2019-09-11', 105, 54);
insert into BIBLIOTECA.Emprestimo ( data_saida, data_entrega, data_chegada, funcionario, cliente) values ('2019-09-20', '2019-10-05', null, 105, 7);
insert into BIBLIOTECA.Emprestimo ( data_saida, data_entrega, data_chegada, funcionario, cliente) values ('2020-03-27', '2020-04-11', '2020-04-08', 106, 4);
insert into BIBLIOTECA.Emprestimo ( data_saida, data_entrega, data_chegada, funcionario, cliente) values ('2020-02-27', '2020-03-13', '2020-03-12', 115, 7);
insert into BIBLIOTECA.Emprestimo ( data_saida, data_entrega, data_chegada, funcionario, cliente) values ('2019-07-31', '2019-08-15', '2019-08-12', 112, 67);
insert into BIBLIOTECA.Emprestimo ( data_saida, data_entrega, data_chegada, funcionario, cliente) values ('2020-04-29', '2020-05-14', null, 103, 44);
insert into BIBLIOTECA.Emprestimo ( data_saida, data_entrega, data_chegada, funcionario, cliente) values ('2019-06-21', '2019-07-06', '2019-06-30', 106, 47);
insert into BIBLIOTECA.Emprestimo ( data_saida, data_entrega, data_chegada, funcionario, cliente) values ('2019-06-12', '2019-06-27', '2019-06-18', 111, 50);
insert into BIBLIOTECA.Emprestimo ( data_saida, data_entrega, data_chegada, funcionario, cliente) values ('2019-12-24', '2020-01-08', '2019-12-28', 113, 30);
insert into BIBLIOTECA.Emprestimo ( data_saida, data_entrega, data_chegada, funcionario, cliente) values ('2019-10-11', '2019-10-26', null, 105, 70);
insert into BIBLIOTECA.Emprestimo ( data_saida, data_entrega, data_chegada, funcionario, cliente) values ('2019-09-25', '2019-10-10', null, 111, 28);
insert into BIBLIOTECA.Emprestimo ( data_saida, data_entrega, data_chegada, funcionario, cliente) values ('2020-02-16', '2020-03-02', null, 112, 9);
insert into BIBLIOTECA.Emprestimo ( data_saida, data_entrega, data_chegada, funcionario, cliente) values ('2019-08-30', '2019-09-14', null, 103, 8);
insert into BIBLIOTECA.Emprestimo ( data_saida, data_entrega, data_chegada, funcionario, cliente) values ('2020-02-18', '2020-03-04', '2020-03-01', 108, 48);
insert into BIBLIOTECA.Emprestimo ( data_saida, data_entrega, data_chegada, funcionario, cliente) values ('2019-10-14', '2019-10-29', null, 110, 16);
insert into BIBLIOTECA.Emprestimo ( data_saida, data_entrega, data_chegada, funcionario, cliente) values ('2020-01-16', '2020-01-31', '2020-01-19', 112, 5);
insert into BIBLIOTECA.Emprestimo ( data_saida, data_entrega, data_chegada, funcionario, cliente) values ('2020-04-22', '2020-05-07', '2020-04-29', 103, 42);
insert into BIBLIOTECA.Emprestimo ( data_saida, data_entrega, data_chegada, funcionario, cliente) values ('2020-04-09', '2020-04-24', '2020-04-23', 103, 46);
insert into BIBLIOTECA.Emprestimo ( data_saida, data_entrega, data_chegada, funcionario, cliente) values ('2019-10-05', '2019-10-20', '2019-10-19', 109, 18);
insert into BIBLIOTECA.Emprestimo ( data_saida, data_entrega, data_chegada, funcionario, cliente) values ('2019-08-10', '2019-08-25', null, 107, 46);
insert into BIBLIOTECA.Emprestimo ( data_saida, data_entrega, data_chegada, funcionario, cliente) values ('2020-01-03', '2020-01-18', '2020-01-10', 101, 23);
insert into BIBLIOTECA.Emprestimo ( data_saida, data_entrega, data_chegada, funcionario, cliente) values ('2020-01-03', '2020-01-18', '2020-01-10', 112, 41);
insert into BIBLIOTECA.Emprestimo ( data_saida, data_entrega, data_chegada, funcionario, cliente) values ('2019-08-04', '2019-08-19', '2019-08-08', 108, 26);
insert into BIBLIOTECA.Emprestimo ( data_saida, data_entrega, data_chegada, funcionario, cliente) values ('2020-02-13', '2020-02-28', '2020-02-26', 114, 43);
insert into BIBLIOTECA.Emprestimo ( data_saida, data_entrega, data_chegada, funcionario, cliente) values ('2020-05-03', '2020-05-18', '2020-05-04', 112, 57);
insert into BIBLIOTECA.Emprestimo ( data_saida, data_entrega, data_chegada, funcionario, cliente) values ('2019-08-24', '2019-09-08', '2019-08-30', 103, 24);
insert into BIBLIOTECA.Emprestimo ( data_saida, data_entrega, data_chegada, funcionario, cliente) values ('2020-04-07', '2020-04-22', '2020-04-12', 104, 21);
insert into BIBLIOTECA.Emprestimo ( data_saida, data_entrega, data_chegada, funcionario, cliente) values ('2019-09-13', '2019-09-28', '2019-09-14', 113, 21);
insert into BIBLIOTECA.Emprestimo ( data_saida, data_entrega, data_chegada, funcionario, cliente) values ('2019-09-26', '2019-10-11', '2019-10-10', 105, 5);
insert into BIBLIOTECA.Emprestimo ( data_saida, data_entrega, data_chegada, funcionario, cliente) values ('2019-09-13', '2019-09-28', '2019-09-21', 115, 66);
insert into BIBLIOTECA.Emprestimo ( data_saida, data_entrega, data_chegada, funcionario, cliente) values ('2019-05-08', '2019-05-23', '2019-05-22', 106, 42);
insert into BIBLIOTECA.Emprestimo ( data_saida, data_entrega, data_chegada, funcionario, cliente) values ('2019-12-14', '2019-12-29', '2019-12-20', 103, 46);
insert into BIBLIOTECA.Emprestimo ( data_saida, data_entrega, data_chegada, funcionario, cliente) values ('2019-11-20', '2019-12-05', null, 111, 53);
insert into BIBLIOTECA.Emprestimo ( data_saida, data_entrega, data_chegada, funcionario, cliente) values ('2019-12-31', '2020-01-15', '2020-01-09', 103, 27);
insert into BIBLIOTECA.Emprestimo ( data_saida, data_entrega, data_chegada, funcionario, cliente) values ('2019-07-05', '2019-07-20', null, 103, 1);
insert into BIBLIOTECA.Emprestimo ( data_saida, data_entrega, data_chegada, funcionario, cliente) values ('2019-07-13', '2019-07-28', null, 105, 64);
insert into BIBLIOTECA.Emprestimo ( data_saida, data_entrega, data_chegada, funcionario, cliente) values ('2020-05-01', '2020-05-16', '2020-05-10', 106, 50);
insert into BIBLIOTECA.Emprestimo ( data_saida, data_entrega, data_chegada, funcionario, cliente) values ('2019-11-17', '2019-12-02', null, 113, 16);
insert into BIBLIOTECA.Emprestimo ( data_saida, data_entrega, data_chegada, funcionario, cliente) values ('2019-08-14', '2019-08-29', '2019-08-15', 114, 37);
insert into BIBLIOTECA.Emprestimo ( data_saida, data_entrega, data_chegada, funcionario, cliente) values ('2019-12-05', '2019-12-20', '2019-12-06', 103, 51);
insert into BIBLIOTECA.Emprestimo ( data_saida, data_entrega, data_chegada, funcionario, cliente) values ('2019-12-30', '2020-01-14', '2020-01-11', 110, 30);
insert into BIBLIOTECA.Emprestimo ( data_saida, data_entrega, data_chegada, funcionario, cliente) values ('2019-05-11', '2019-05-26', '2019-05-26', 103, 12);
insert into BIBLIOTECA.Emprestimo ( data_saida, data_entrega, data_chegada, funcionario, cliente) values ('2019-12-28', '2020-01-12', null, 106, 70);
insert into BIBLIOTECA.Emprestimo ( data_saida, data_entrega, data_chegada, funcionario, cliente) values ('2019-10-26', '2019-11-10', '2019-10-28', 115, 21);
insert into BIBLIOTECA.Emprestimo ( data_saida, data_entrega, data_chegada, funcionario, cliente) values ('2020-02-13', '2020-02-28', '2020-02-15', 103, 8);
insert into BIBLIOTECA.Emprestimo ( data_saida, data_entrega, data_chegada, funcionario, cliente) values ('2019-08-29', '2019-09-13', '2019-09-06', 103, 48);
insert into BIBLIOTECA.Emprestimo ( data_saida, data_entrega, data_chegada, funcionario, cliente) values ('2020-03-21', '2020-04-05', '2020-04-03', 114, 53);
insert into BIBLIOTECA.Emprestimo ( data_saida, data_entrega, data_chegada, funcionario, cliente) values ('2019-10-26', '2019-11-10', '2019-11-05', 105, 27);
insert into BIBLIOTECA.Emprestimo ( data_saida, data_entrega, data_chegada, funcionario, cliente) values ('2019-12-07', '2019-12-22', '2019-12-17', 103, 68);
insert into BIBLIOTECA.Emprestimo ( data_saida, data_entrega, data_chegada, funcionario, cliente) values ('2020-02-28', '2020-03-14', '2020-03-03', 103, 62);
insert into BIBLIOTECA.Emprestimo ( data_saida, data_entrega, data_chegada, funcionario, cliente) values ('2019-12-02', '2019-12-17', '2019-12-11', 111, 15);
insert into BIBLIOTECA.Emprestimo ( data_saida, data_entrega, data_chegada, funcionario, cliente) values ('2019-10-08', '2019-10-23', '2019-10-23', 106, 40);
insert into BIBLIOTECA.Emprestimo ( data_saida, data_entrega, data_chegada, funcionario, cliente) values ('2020-04-15', '2020-04-30', null, 105, 5);
insert into BIBLIOTECA.Emprestimo ( data_saida, data_entrega, data_chegada, funcionario, cliente) values ('2019-05-12', '2019-05-27', '2019-05-25', 109, 30);
insert into BIBLIOTECA.Emprestimo ( data_saida, data_entrega, data_chegada, funcionario, cliente) values ('2020-02-12', '2020-02-27', '2020-02-14', 109, 41);
insert into BIBLIOTECA.Emprestimo ( data_saida, data_entrega, data_chegada, funcionario, cliente) values ('2019-06-12', '2019-06-27', '2019-06-14', 113, 34);
insert into BIBLIOTECA.Emprestimo ( data_saida, data_entrega, data_chegada, funcionario, cliente) values ('2019-05-05', '2019-05-20', '2019-05-12', 112, 34);
insert into BIBLIOTECA.Emprestimo ( data_saida, data_entrega, data_chegada, funcionario, cliente) values ('2019-11-22', '2019-12-07', null, 111, 54);
insert into BIBLIOTECA.Emprestimo ( data_saida, data_entrega, data_chegada, funcionario, cliente) values ('2019-10-05', '2019-10-20', '2019-10-15', 107, 42);
insert into BIBLIOTECA.Emprestimo ( data_saida, data_entrega, data_chegada, funcionario, cliente) values ('2019-08-01', '2019-08-16', '2019-08-07', 112, 50);
insert into BIBLIOTECA.Emprestimo ( data_saida, data_entrega, data_chegada, funcionario, cliente) values ('2019-08-12', '2019-08-27', '2019-08-14', 106, 12);
insert into BIBLIOTECA.Emprestimo ( data_saida, data_entrega, data_chegada, funcionario, cliente) values ('2020-03-13', '2020-03-28', '2020-03-18', 110, 2);
insert into BIBLIOTECA.Emprestimo ( data_saida, data_entrega, data_chegada, funcionario, cliente) values ('2020-04-12', '2020-04-27', '2020-04-27', 104, 20);
insert into BIBLIOTECA.Emprestimo ( data_saida, data_entrega, data_chegada, funcionario, cliente) values ('2020-03-26', '2020-04-10', '2020-04-01', 114, 31);
insert into BIBLIOTECA.Emprestimo ( data_saida, data_entrega, data_chegada, funcionario, cliente) values ('2019-05-12', '2019-05-27', '2019-05-18', 101, 11);
insert into BIBLIOTECA.Emprestimo ( data_saida, data_entrega, data_chegada, funcionario, cliente) values ('2019-05-18', '2019-06-02', null, 104, 1);
insert into BIBLIOTECA.Emprestimo ( data_saida, data_entrega, data_chegada, funcionario, cliente) values ('2019-12-05', '2019-12-20', '2019-12-06', 104, 49);
insert into BIBLIOTECA.Emprestimo ( data_saida, data_entrega, data_chegada, funcionario, cliente) values ('2020-01-24', '2020-02-08', '2020-01-31', 115, 22);
insert into BIBLIOTECA.Emprestimo ( data_saida, data_entrega, data_chegada, funcionario, cliente) values ('2019-08-16', '2019-08-31', '2019-08-17', 113, 23);
insert into BIBLIOTECA.Emprestimo ( data_saida, data_entrega, data_chegada, funcionario, cliente) values ('2019-09-30', '2019-10-15', '2019-10-10', 106, 69);
insert into BIBLIOTECA.Emprestimo ( data_saida, data_entrega, data_chegada, funcionario, cliente) values ('2019-09-29', '2019-10-14', null, 106, 70);
insert into BIBLIOTECA.Emprestimo ( data_saida, data_entrega, data_chegada, funcionario, cliente) values ('2019-12-24', '2020-01-08', null, 113, 57);
insert into BIBLIOTECA.Emprestimo ( data_saida, data_entrega, data_chegada, funcionario, cliente) values ('2020-04-10', '2020-04-25', '2020-04-19', 107, 35);
insert into BIBLIOTECA.Emprestimo ( data_saida, data_entrega, data_chegada, funcionario, cliente) values ('2020-01-03', '2020-01-18', null, 103, 50);
insert into BIBLIOTECA.Emprestimo ( data_saida, data_entrega, data_chegada, funcionario, cliente) values ('2019-12-31', '2020-01-15', null, 101, 70);
insert into BIBLIOTECA.Emprestimo ( data_saida, data_entrega, data_chegada, funcionario, cliente) values ('2020-01-15', '2020-01-30', '2020-01-30', 115, 59);
insert into BIBLIOTECA.Emprestimo ( data_saida, data_entrega, data_chegada, funcionario, cliente) values ('2019-05-05', '2019-05-20', '2019-05-19', 110, 38);
insert into BIBLIOTECA.Emprestimo ( data_saida, data_entrega, data_chegada, funcionario, cliente) values ('2020-02-16', '2020-03-02', '2020-03-02', 111, 68);
insert into BIBLIOTECA.Emprestimo ( data_saida, data_entrega, data_chegada, funcionario, cliente) values ('2020-03-02', '2020-03-17', '2020-03-12', 115, 66);
insert into BIBLIOTECA.Emprestimo ( data_saida, data_entrega, data_chegada, funcionario, cliente) values ('2019-06-26', '2019-07-11', '2019-07-09', 108, 60);
insert into BIBLIOTECA.Emprestimo ( data_saida, data_entrega, data_chegada, funcionario, cliente) values ('2019-07-14', '2019-07-29', null, 113, 31);
insert into BIBLIOTECA.Emprestimo ( data_saida, data_entrega, data_chegada, funcionario, cliente) values ('2019-12-04', '2019-12-19', '2019-12-11', 113, 1);
insert into BIBLIOTECA.Emprestimo ( data_saida, data_entrega, data_chegada, funcionario, cliente) values ('2020-02-13', '2020-02-28', '2020-02-18', 112, 65);
insert into BIBLIOTECA.Emprestimo ( data_saida, data_entrega, data_chegada, funcionario, cliente) values ('2020-03-24', '2020-04-08', null, 106, 24);
insert into BIBLIOTECA.Emprestimo ( data_saida, data_entrega, data_chegada, funcionario, cliente) values ('2019-05-16', '2019-05-31', '2019-05-22', 112, 21);
insert into BIBLIOTECA.Emprestimo ( data_saida, data_entrega, data_chegada, funcionario, cliente) values ('2019-12-10', '2019-12-25', '2019-12-19', 113, 37);
insert into BIBLIOTECA.Emprestimo ( data_saida, data_entrega, data_chegada, funcionario, cliente) values ('2019-05-19', '2019-06-03', null, 113, 46);
insert into BIBLIOTECA.Emprestimo ( data_saida, data_entrega, data_chegada, funcionario, cliente) values ('2020-02-07', '2020-02-22', '2020-02-14', 102, 21);
insert into BIBLIOTECA.Emprestimo ( data_saida, data_entrega, data_chegada, funcionario, cliente) values ('2020-04-20', '2020-05-05', null, 115, 23);
insert into BIBLIOTECA.Emprestimo ( data_saida, data_entrega, data_chegada, funcionario, cliente) values ('2019-08-21', '2019-09-05', null, 107, 17);
insert into BIBLIOTECA.Emprestimo ( data_saida, data_entrega, data_chegada, funcionario, cliente) values ('2019-05-06', '2019-05-21', null, 104, 39);
insert into BIBLIOTECA.Emprestimo ( data_saida, data_entrega, data_chegada, funcionario, cliente) values ('2020-02-13', '2020-02-28', '2020-02-18', 111, 7);
insert into BIBLIOTECA.Emprestimo ( data_saida, data_entrega, data_chegada, funcionario, cliente) values ('2019-08-28', '2019-09-12', null, 105, 3);
insert into BIBLIOTECA.Emprestimo ( data_saida, data_entrega, data_chegada, funcionario, cliente) values ('2020-05-01', '2020-05-16', '2020-05-16', 103, 49);
insert into BIBLIOTECA.Emprestimo ( data_saida, data_entrega, data_chegada, funcionario, cliente) values ('2020-04-19', '2020-05-04', '2020-04-23', 110, 34);
insert into BIBLIOTECA.Emprestimo ( data_saida, data_entrega, data_chegada, funcionario, cliente) values ('2020-02-28', '2020-03-14', null, 108, 66);
insert into BIBLIOTECA.Emprestimo ( data_saida, data_entrega, data_chegada, funcionario, cliente) values ('2020-04-29', '2020-05-14', null, 114, 40);
insert into BIBLIOTECA.Emprestimo ( data_saida, data_entrega, data_chegada, funcionario, cliente) values ('2020-01-03', '2020-01-18', '2020-01-09', 103, 40);



insert into BIBLIOTECA.Livros_Exemplares (n_emprestimo, ISBN, data_de_aquisicao, estado, cota) values (1, '602419136-7', '2017-07-01', 'New', 'NQM.34693');
insert into BIBLIOTECA.Livros_Exemplares (n_emprestimo, ISBN, data_de_aquisicao, estado, cota) values (2, '767725989-8', '2018-09-19', 'New', 'AYD.88574');
insert into BIBLIOTECA.Livros_Exemplares (n_emprestimo, ISBN, data_de_aquisicao, estado, cota) values (3, '256726317-9', '2017-07-01', 'Bad', 'COK.37995');
insert into BIBLIOTECA.Livros_Exemplares (n_emprestimo, ISBN, data_de_aquisicao, estado, cota) values (4, '560948334-4', '2017-09-28', 'Bad', 'UNC.26598');
insert into BIBLIOTECA.Livros_Exemplares (n_emprestimo, ISBN, data_de_aquisicao, estado, cota) values (5, '219467184-6', '2017-05-11', 'New', 'JGU.76453');
insert into BIBLIOTECA.Livros_Exemplares (n_emprestimo, ISBN, data_de_aquisicao, estado, cota) values (6, '267861215-5', '2017-10-26', 'Good', 'BLQ.72564');
insert into BIBLIOTECA.Livros_Exemplares (n_emprestimo, ISBN, data_de_aquisicao, estado, cota) values (7, '539176915-9', '2018-01-20', 'Good', 'VSX.98389');
insert into BIBLIOTECA.Livros_Exemplares (n_emprestimo, ISBN, data_de_aquisicao, estado, cota) values (8, '485792594-X', '2017-10-19', 'Bad', 'YHH.05149');
insert into BIBLIOTECA.Livros_Exemplares (n_emprestimo, ISBN, data_de_aquisicao, estado, cota) values (9, '372128928-5', '2018-03-24', 'Good', 'JVV.59243');
insert into BIBLIOTECA.Livros_Exemplares (n_emprestimo, ISBN, data_de_aquisicao, estado, cota) values (10, '270679165-9', '2017-11-06', 'Average', 'QZV.12639');
insert into BIBLIOTECA.Livros_Exemplares (n_emprestimo, ISBN, data_de_aquisicao, estado, cota) values (11, '691286229-2', '2017-01-18', 'Bad', 'NAL.04334');
insert into BIBLIOTECA.Livros_Exemplares (n_emprestimo, ISBN, data_de_aquisicao, estado, cota) values (12, '438419427-7', '2018-07-15', 'Average', 'LTV.05696');
insert into BIBLIOTECA.Livros_Exemplares (n_emprestimo, ISBN, data_de_aquisicao, estado, cota) values (13, '908021166-4', '2017-01-15', 'Good', 'UJP.05307');
insert into BIBLIOTECA.Livros_Exemplares (n_emprestimo, ISBN, data_de_aquisicao, estado, cota) values (14, '027071553-3', '2017-12-02', 'Good', 'RAP.68848');
insert into BIBLIOTECA.Livros_Exemplares (n_emprestimo, ISBN, data_de_aquisicao, estado, cota) values (15, '716876158-7', '2018-05-11', 'New', 'RUA.62615');
insert into BIBLIOTECA.Livros_Exemplares (n_emprestimo, ISBN, data_de_aquisicao, estado, cota) values (16, '264328182-9', '2017-02-22', 'New', 'TNL.26808');
insert into BIBLIOTECA.Livros_Exemplares (n_emprestimo, ISBN, data_de_aquisicao, estado, cota) values (17, '755805247-5', '2018-01-28', 'Good', 'WKG.66306');
insert into BIBLIOTECA.Livros_Exemplares (n_emprestimo, ISBN, data_de_aquisicao, estado, cota) values (18, '364734155-X', '2017-10-21', 'Good', 'SSQ.49002');
insert into BIBLIOTECA.Livros_Exemplares (n_emprestimo, ISBN, data_de_aquisicao, estado, cota) values (19, '485792594-X', '2018-06-14', 'New', 'TAN.43577');
insert into BIBLIOTECA.Livros_Exemplares (n_emprestimo, ISBN, data_de_aquisicao, estado, cota) values (20, '560948334-4', '2018-01-10', 'Bad', 'RIL.38989');
insert into BIBLIOTECA.Livros_Exemplares (n_emprestimo, ISBN, data_de_aquisicao, estado, cota) values (21, '256726317-9', '2018-04-01', 'Bad', 'GOL.37179');
insert into BIBLIOTECA.Livros_Exemplares (n_emprestimo, ISBN, data_de_aquisicao, estado, cota) values (22, '261261545-8', '2018-01-08', 'New', 'OCJ.30935');
insert into BIBLIOTECA.Livros_Exemplares (n_emprestimo, ISBN, data_de_aquisicao, estado, cota) values (23, '616744628-8', '2017-04-08', 'Good', 'WOZ.02431');
insert into BIBLIOTECA.Livros_Exemplares (n_emprestimo, ISBN, data_de_aquisicao, estado, cota) values (24, '239394472-9', '2018-01-10', 'Average', 'TXP.26444');
insert into BIBLIOTECA.Livros_Exemplares (n_emprestimo, ISBN, data_de_aquisicao, estado, cota) values (25, '162020758-3', '2018-04-02', 'New', 'QUV.01794');
insert into BIBLIOTECA.Livros_Exemplares (n_emprestimo, ISBN, data_de_aquisicao, estado, cota) values (26, '267861215-5', '2018-12-07', 'Good', 'HSC.94770');
insert into BIBLIOTECA.Livros_Exemplares (n_emprestimo, ISBN, data_de_aquisicao, estado, cota) values (27, '908021166-4', '2017-03-06', 'Good', 'TED.97147');
insert into BIBLIOTECA.Livros_Exemplares (n_emprestimo, ISBN, data_de_aquisicao, estado, cota) values (28, '997003180-5', '2017-01-08', 'New', 'OUW.82613');
insert into BIBLIOTECA.Livros_Exemplares (n_emprestimo, ISBN, data_de_aquisicao, estado, cota) values (29, '264328182-9', '2018-12-24', 'New', 'XBX.18661');
insert into BIBLIOTECA.Livros_Exemplares (n_emprestimo, ISBN, data_de_aquisicao, estado, cota) values (30, '755805247-5', '2018-02-13', 'Average', 'WLC.14578');
insert into BIBLIOTECA.Livros_Exemplares (n_emprestimo, ISBN, data_de_aquisicao, estado, cota) values (31, '893626169-X', '2018-02-06', 'Average', 'LAO.64883');
insert into BIBLIOTECA.Livros_Exemplares (n_emprestimo, ISBN, data_de_aquisicao, estado, cota) values (32, '096362400-8', '2017-05-10', 'Good', 'JXX.64933');
insert into BIBLIOTECA.Livros_Exemplares (n_emprestimo, ISBN, data_de_aquisicao, estado, cota) values (33, '691286229-2', '2017-12-11', 'Average', 'NKN.80367');
insert into BIBLIOTECA.Livros_Exemplares (n_emprestimo, ISBN, data_de_aquisicao, estado, cota) values (34, '261261545-8', '2017-08-08', 'Bad', 'QNR.09360');
insert into BIBLIOTECA.Livros_Exemplares (n_emprestimo, ISBN, data_de_aquisicao, estado, cota) values (35, '510924021-3', '2017-04-10', 'Good', 'NEN.31251');
insert into BIBLIOTECA.Livros_Exemplares (n_emprestimo, ISBN, data_de_aquisicao, estado, cota) values (36, '964989004-1', '2017-08-13', 'New', 'ZMJ.77783');
insert into BIBLIOTECA.Livros_Exemplares (n_emprestimo, ISBN, data_de_aquisicao, estado, cota) values (37, '176225090-X', '2018-11-20', 'Good', 'AZK.27918');
insert into BIBLIOTECA.Livros_Exemplares (n_emprestimo, ISBN, data_de_aquisicao, estado, cota) values (38, '873126060-8', '2017-05-19', 'Good', 'KWR.57118');
insert into BIBLIOTECA.Livros_Exemplares (n_emprestimo, ISBN, data_de_aquisicao, estado, cota) values (39, '511611899-1', '2018-03-17', 'Bad', 'WHT.04392');
insert into BIBLIOTECA.Livros_Exemplares (n_emprestimo, ISBN, data_de_aquisicao, estado, cota) values (40, '017815275-7', '2018-04-20', 'Average', 'EIP.10057');
insert into BIBLIOTECA.Livros_Exemplares (n_emprestimo, ISBN, data_de_aquisicao, estado, cota) values (41, '295578735-3', '2017-03-09', 'Bad', 'VIH.25151');
insert into BIBLIOTECA.Livros_Exemplares (n_emprestimo, ISBN, data_de_aquisicao, estado, cota) values (42, '997003180-5', '2018-01-05', 'Good', 'LPW.48050');
insert into BIBLIOTECA.Livros_Exemplares (n_emprestimo, ISBN, data_de_aquisicao, estado, cota) values (43, '409410606-5', '2017-05-12', 'Bad', 'HQB.99667');
insert into BIBLIOTECA.Livros_Exemplares (n_emprestimo, ISBN, data_de_aquisicao, estado, cota) values (44, '676501613-9', '2017-09-21', 'Average', 'ZTR.12825');
insert into BIBLIOTECA.Livros_Exemplares (n_emprestimo, ISBN, data_de_aquisicao, estado, cota) values (45, '716876158-7', '2017-07-06', 'Average', 'HEY.69327');
insert into BIBLIOTECA.Livros_Exemplares (n_emprestimo, ISBN, data_de_aquisicao, estado, cota) values (46, '155712163-X', '2017-05-03', 'Average', 'RQH.11345');
insert into BIBLIOTECA.Livros_Exemplares (n_emprestimo, ISBN, data_de_aquisicao, estado, cota) values (47, '837853201-1', '2017-12-01', 'Average', 'DSL.44755');
insert into BIBLIOTECA.Livros_Exemplares (n_emprestimo, ISBN, data_de_aquisicao, estado, cota) values (48, '755805247-5', '2017-08-29', 'New', 'PXJ.65386');
insert into BIBLIOTECA.Livros_Exemplares (n_emprestimo, ISBN, data_de_aquisicao, estado, cota) values (49, '261261545-8', '2018-06-02', 'New', 'RON.20742');
insert into BIBLIOTECA.Livros_Exemplares (n_emprestimo, ISBN, data_de_aquisicao, estado, cota) values (50, '176225090-X', '2018-09-07', 'Good', 'BAP.41852');
insert into BIBLIOTECA.Livros_Exemplares (n_emprestimo, ISBN, data_de_aquisicao, estado, cota) values (51, '616744628-8', '2017-10-08', 'Bad', 'CRV.10787');
insert into BIBLIOTECA.Livros_Exemplares (n_emprestimo, ISBN, data_de_aquisicao, estado, cota) values (52, '571256604-4', '2017-07-03', 'New', 'BDR.10171');
insert into BIBLIOTECA.Livros_Exemplares (n_emprestimo, ISBN, data_de_aquisicao, estado, cota) values (53, '877009566-3', '2018-07-29', 'New', 'KZP.28353');
insert into BIBLIOTECA.Livros_Exemplares (n_emprestimo, ISBN, data_de_aquisicao, estado, cota) values (54, '249594664-X', '2018-12-26', 'New', 'AQZ.30173');
insert into BIBLIOTECA.Livros_Exemplares (n_emprestimo, ISBN, data_de_aquisicao, estado, cota) values (55, '843974739-X', '2018-07-09', 'Bad', 'QYE.13612');
insert into BIBLIOTECA.Livros_Exemplares (n_emprestimo, ISBN, data_de_aquisicao, estado, cota) values (56, '908021166-4', '2018-11-24', 'Good', 'FGH.25377');
insert into BIBLIOTECA.Livros_Exemplares (n_emprestimo, ISBN, data_de_aquisicao, estado, cota) values (57, '877009566-3', '2018-06-25', 'Good', 'IBU.14007');
insert into BIBLIOTECA.Livros_Exemplares (n_emprestimo, ISBN, data_de_aquisicao, estado, cota) values (58, '407751023-6', '2018-09-10', 'Good', 'GBT.04863');
insert into BIBLIOTECA.Livros_Exemplares (n_emprestimo, ISBN, data_de_aquisicao, estado, cota) values (59, '442893150-6', '2018-03-27', 'Good', 'BUB.46742');
insert into BIBLIOTECA.Livros_Exemplares (n_emprestimo, ISBN, data_de_aquisicao, estado, cota) values (60, '755805247-5', '2017-01-26', 'New', 'WKX.00490');
insert into BIBLIOTECA.Livros_Exemplares (n_emprestimo, ISBN, data_de_aquisicao, estado, cota) values (61, '264328182-9', '2018-07-09', 'Good', 'XJH.38606');
insert into BIBLIOTECA.Livros_Exemplares (n_emprestimo, ISBN, data_de_aquisicao, estado, cota) values (62, '589718060-1', '2017-01-01', 'Average', 'UBG.00009');
insert into BIBLIOTECA.Livros_Exemplares (n_emprestimo, ISBN, data_de_aquisicao, estado, cota) values (63, '571256604-4', '2018-02-01', 'Bad', 'PND.17799');
insert into BIBLIOTECA.Livros_Exemplares (n_emprestimo, ISBN, data_de_aquisicao, estado, cota) values (64, '877009566-3', '2017-05-06', 'Good', 'IQN.35434');
insert into BIBLIOTECA.Livros_Exemplares (n_emprestimo, ISBN, data_de_aquisicao, estado, cota) values (65, '858846453-5', '2017-03-06', 'Bad', 'KVA.71208');
insert into BIBLIOTECA.Livros_Exemplares (n_emprestimo, ISBN, data_de_aquisicao, estado, cota) values (66, '539176915-9', '2018-04-28', 'New', 'QEP.45428');
insert into BIBLIOTECA.Livros_Exemplares (n_emprestimo, ISBN, data_de_aquisicao, estado, cota) values (67, '510924021-3', '2017-03-25', 'Good', 'FRO.34744');
insert into BIBLIOTECA.Livros_Exemplares (n_emprestimo, ISBN, data_de_aquisicao, estado, cota) values (68, '336869802-8', '2018-12-29', 'Average', 'AOE.62968');
insert into BIBLIOTECA.Livros_Exemplares (n_emprestimo, ISBN, data_de_aquisicao, estado, cota) values (69, '609326005-4', '2017-05-29', 'Good', 'LTA.76456');
insert into BIBLIOTECA.Livros_Exemplares (n_emprestimo, ISBN, data_de_aquisicao, estado, cota) values (70, '653251232-X', '2018-07-04', 'Average', 'NGO.85181');
insert into BIBLIOTECA.Livros_Exemplares (n_emprestimo, ISBN, data_de_aquisicao, estado, cota) values (71, '721661308-2', '2018-01-31', 'New', 'JWS.86538');
insert into BIBLIOTECA.Livros_Exemplares (n_emprestimo, ISBN, data_de_aquisicao, estado, cota) values (72, '653251232-X', '2017-01-31', 'Good', 'ZTU.48338');
insert into BIBLIOTECA.Livros_Exemplares (n_emprestimo, ISBN, data_de_aquisicao, estado, cota) values (73, '012175642-4', '2017-06-29', 'Good', 'MXX.39238');
insert into BIBLIOTECA.Livros_Exemplares (n_emprestimo, ISBN, data_de_aquisicao, estado, cota) values (74, '322712572-2', '2017-04-01', 'Good', 'OJS.15495');
insert into BIBLIOTECA.Livros_Exemplares (n_emprestimo, ISBN, data_de_aquisicao, estado, cota) values (75, '270679165-9', '2017-06-12', 'Average', 'NVX.92082');
insert into BIBLIOTECA.Livros_Exemplares (n_emprestimo, ISBN, data_de_aquisicao, estado, cota) values (76, '058527684-6', '2017-05-21', 'Average', 'VVB.78855');
insert into BIBLIOTECA.Livros_Exemplares (n_emprestimo, ISBN, data_de_aquisicao, estado, cota) values (77, '367257956-4', '2018-03-21', 'Average', 'CDO.83276');
insert into BIBLIOTECA.Livros_Exemplares (n_emprestimo, ISBN, data_de_aquisicao, estado, cota) values (78, '654001014-1', '2018-01-19', 'Average', 'JGN.64708');
insert into BIBLIOTECA.Livros_Exemplares (n_emprestimo, ISBN, data_de_aquisicao, estado, cota) values (79, '609326005-4', '2018-01-26', 'New', 'KRC.48827');
insert into BIBLIOTECA.Livros_Exemplares (n_emprestimo, ISBN, data_de_aquisicao, estado, cota) values (80, '477620914-4', '2018-09-29', 'New', 'DEV.12967');
insert into BIBLIOTECA.Livros_Exemplares (n_emprestimo, ISBN, data_de_aquisicao, estado, cota) values (81, '858846453-5', '2018-12-07', 'New', 'DHA.50434');
insert into BIBLIOTECA.Livros_Exemplares (n_emprestimo, ISBN, data_de_aquisicao, estado, cota) values (82, '755805247-5', '2018-12-23', 'Average', 'KSZ.65689');
insert into BIBLIOTECA.Livros_Exemplares (n_emprestimo, ISBN, data_de_aquisicao, estado, cota) values (83, '364734155-X', '2017-04-07', 'Bad', 'POL.49886');
insert into BIBLIOTECA.Livros_Exemplares (n_emprestimo, ISBN, data_de_aquisicao, estado, cota) values (84, '858846453-5', '2017-12-03', 'Good', 'KZF.09511');
insert into BIBLIOTECA.Livros_Exemplares (n_emprestimo, ISBN, data_de_aquisicao, estado, cota) values (85, '325615181-7', '2018-03-30', 'Average', 'RPD.10792');
insert into BIBLIOTECA.Livros_Exemplares (n_emprestimo, ISBN, data_de_aquisicao, estado, cota) values (86, '721568816-X', '2017-10-07', 'Average', 'BAI.44094');
insert into BIBLIOTECA.Livros_Exemplares (n_emprestimo, ISBN, data_de_aquisicao, estado, cota) values (87, '573093024-0', '2017-05-15', 'Good', 'LLH.13240');
insert into BIBLIOTECA.Livros_Exemplares (n_emprestimo, ISBN, data_de_aquisicao, estado, cota) values (88, '409410606-5', '2017-10-21', 'New', 'WXQ.42848');
insert into BIBLIOTECA.Livros_Exemplares (n_emprestimo, ISBN, data_de_aquisicao, estado, cota) values (89, '094399689-9', '2018-07-21', 'Bad', 'BTS.94146');
insert into BIBLIOTECA.Livros_Exemplares (n_emprestimo, ISBN, data_de_aquisicao, estado, cota) values (90, '008813803-8', '2018-10-31', 'New', 'SDN.53437');
insert into BIBLIOTECA.Livros_Exemplares (n_emprestimo, ISBN, data_de_aquisicao, estado, cota) values (91, '691286229-2', '2017-11-30', 'Good', 'MHZ.55422');
insert into BIBLIOTECA.Livros_Exemplares (n_emprestimo, ISBN, data_de_aquisicao, estado, cota) values (92, '325615181-7', '2018-08-03', 'Good', 'ZFI.98456');
insert into BIBLIOTECA.Livros_Exemplares (n_emprestimo, ISBN, data_de_aquisicao, estado, cota) values (93, '893626169-X', '2017-07-17', 'Average', 'IGB.24090');
insert into BIBLIOTECA.Livros_Exemplares (n_emprestimo, ISBN, data_de_aquisicao, estado, cota) values (94, '715244854-X', '2017-11-22', 'Bad', 'ZZS.22845');
insert into BIBLIOTECA.Livros_Exemplares (n_emprestimo, ISBN, data_de_aquisicao, estado, cota) values (95, '239394472-9', '2017-10-01', 'Bad', 'MFQ.91250');
insert into BIBLIOTECA.Livros_Exemplares (n_emprestimo, ISBN, data_de_aquisicao, estado, cota) values (96, '721568816-X', '2017-04-16', 'New', 'JOG.62530');
insert into BIBLIOTECA.Livros_Exemplares (n_emprestimo, ISBN, data_de_aquisicao, estado, cota) values (97, '407751023-6', '2018-06-26', 'Average', 'TPN.49746');
insert into BIBLIOTECA.Livros_Exemplares (n_emprestimo, ISBN, data_de_aquisicao, estado, cota) values (98, '964989004-1', '2018-08-20', 'New', 'BEA.33432');
insert into BIBLIOTECA.Livros_Exemplares (n_emprestimo, ISBN, data_de_aquisicao, estado, cota) values (99, '135585941-7', '2018-05-19', 'Bad', 'TZK.18443');
insert into BIBLIOTECA.Livros_Exemplares (n_emprestimo, ISBN, data_de_aquisicao, estado, cota) values (100, '267861215-5', '2018-06-11', 'Good', 'JUE.63164');
insert into BIBLIOTECA.Livros_Exemplares (n_emprestimo, ISBN, data_de_aquisicao, estado, cota) values (1, '609326005-4', '2017-03-11', 'New', 'REL.69174');
insert into BIBLIOTECA.Livros_Exemplares (n_emprestimo, ISBN, data_de_aquisicao, estado, cota) values (2, '016059914-8', '2017-04-26', 'Average', 'FFU.10219');
insert into BIBLIOTECA.Livros_Exemplares (n_emprestimo, ISBN, data_de_aquisicao, estado, cota) values (3, '155712163-X', '2018-08-20', 'Bad', 'RAG.19367');
insert into BIBLIOTECA.Livros_Exemplares (n_emprestimo, ISBN, data_de_aquisicao, estado, cota) values (4, '239394472-9', '2018-12-30', 'Good', 'IXZ.86535');
insert into BIBLIOTECA.Livros_Exemplares (n_emprestimo, ISBN, data_de_aquisicao, estado, cota) values (5, '008813803-8', '2018-02-22', 'Good', 'MVX.40178');
insert into BIBLIOTECA.Livros_Exemplares (n_emprestimo, ISBN, data_de_aquisicao, estado, cota) values (6, '044295448-4', '2018-08-11', 'Good', 'ICH.53273');
insert into BIBLIOTECA.Livros_Exemplares (n_emprestimo, ISBN, data_de_aquisicao, estado, cota) values (7, '401899452-4', '2018-07-19', 'New', 'MNJ.18222');
insert into BIBLIOTECA.Livros_Exemplares (n_emprestimo, ISBN, data_de_aquisicao, estado, cota) values (8, '843974739-X', '2017-03-26', 'New', 'NZM.47995');
insert into BIBLIOTECA.Livros_Exemplares (n_emprestimo, ISBN, data_de_aquisicao, estado, cota) values (9, '477620914-4', '2018-05-30', 'New', 'QCA.77375');
insert into BIBLIOTECA.Livros_Exemplares (n_emprestimo, ISBN, data_de_aquisicao, estado, cota) values (10, '721661308-2', '2017-07-03', 'Good', 'RPQ.52693');
insert into BIBLIOTECA.Livros_Exemplares (n_emprestimo, ISBN, data_de_aquisicao, estado, cota) values (11, '295578735-3', '2017-04-11', 'Good', 'JJH.14999');
insert into BIBLIOTECA.Livros_Exemplares (n_emprestimo, ISBN, data_de_aquisicao, estado, cota) values (12, '848391936-2', '2018-01-14', 'Average', 'MCT.09944');
insert into BIBLIOTECA.Livros_Exemplares (n_emprestimo, ISBN, data_de_aquisicao, estado, cota) values (13, '716876158-7', '2018-09-10', 'Average', 'PNF.30644');
insert into BIBLIOTECA.Livros_Exemplares (n_emprestimo, ISBN, data_de_aquisicao, estado, cota) values (14, '135585941-7', '2017-04-25', 'New', 'BEZ.26329');
insert into BIBLIOTECA.Livros_Exemplares (n_emprestimo, ISBN, data_de_aquisicao, estado, cota) values (15, '176225090-X', '2018-05-08', 'Good', 'LCW.57046');
insert into BIBLIOTECA.Livros_Exemplares (n_emprestimo, ISBN, data_de_aquisicao, estado, cota) values (16, '873126060-8', '2017-04-13', 'New', 'CSY.35309');
insert into BIBLIOTECA.Livros_Exemplares (n_emprestimo, ISBN, data_de_aquisicao, estado, cota) values (17, '767725989-8', '2018-01-17', 'New', 'YIH.01889');
insert into BIBLIOTECA.Livros_Exemplares (n_emprestimo, ISBN, data_de_aquisicao, estado, cota) values (18, '336869802-8', '2017-07-12', 'Average', 'UNA.37251');
insert into BIBLIOTECA.Livros_Exemplares (n_emprestimo, ISBN, data_de_aquisicao, estado, cota) values (19, '877009566-3', '2018-05-11', 'Average', 'UHY.05474');
insert into BIBLIOTECA.Livros_Exemplares (n_emprestimo, ISBN, data_de_aquisicao, estado, cota) values (20, '654001014-1', '2018-12-09', 'New', 'LEK.98694');
insert into BIBLIOTECA.Livros_Exemplares (n_emprestimo, ISBN, data_de_aquisicao, estado, cota) values (21, '755805247-5', '2017-12-02', 'Good', 'ALR.28734');
insert into BIBLIOTECA.Livros_Exemplares (n_emprestimo, ISBN, data_de_aquisicao, estado, cota) values (22, '539176915-9', '2017-09-16', 'New', 'RHP.37785');
insert into BIBLIOTECA.Livros_Exemplares (n_emprestimo, ISBN, data_de_aquisicao, estado, cota) values (23, '409410606-5', '2017-04-06', 'New', 'TEI.79266');
insert into BIBLIOTECA.Livros_Exemplares (n_emprestimo, ISBN, data_de_aquisicao, estado, cota) values (24, '465787435-7', '2017-04-19', 'Good', 'DUG.04245');
insert into BIBLIOTECA.Livros_Exemplares (n_emprestimo, ISBN, data_de_aquisicao, estado, cota) values (25, '654001014-1', '2018-12-27', 'Good', 'TGI.01296');
insert into BIBLIOTECA.Livros_Exemplares (n_emprestimo, ISBN, data_de_aquisicao, estado, cota) values (26, '058527684-6', '2017-02-27', 'New', 'ZWY.00343');
insert into BIBLIOTECA.Livros_Exemplares (n_emprestimo, ISBN, data_de_aquisicao, estado, cota) values (27, '539176915-9', '2018-08-24', 'Bad', 'PVE.66886');
insert into BIBLIOTECA.Livros_Exemplares (n_emprestimo, ISBN, data_de_aquisicao, estado, cota) values (28, '275281380-5', '2017-01-17', 'Bad', 'WAH.76917');
insert into BIBLIOTECA.Livros_Exemplares (n_emprestimo, ISBN, data_de_aquisicao, estado, cota) values (29, '560948334-4', '2018-03-13', 'Good', 'LKJ.06743');
insert into BIBLIOTECA.Livros_Exemplares (n_emprestimo, ISBN, data_de_aquisicao, estado, cota) values (30, '873126060-8', '2017-08-15', 'Bad', 'WCK.63786');
insert into BIBLIOTECA.Livros_Exemplares (n_emprestimo, ISBN, data_de_aquisicao, estado, cota) values (31, '716876158-7', '2018-09-01', 'New', 'LXN.55138');
insert into BIBLIOTECA.Livros_Exemplares (n_emprestimo, ISBN, data_de_aquisicao, estado, cota) values (32, '477620914-4', '2018-05-19', 'Good', 'KDO.12041');
insert into BIBLIOTECA.Livros_Exemplares (n_emprestimo, ISBN, data_de_aquisicao, estado, cota) values (33, '602419136-7', '2018-08-20', 'Bad', 'EDY.37336');
insert into BIBLIOTECA.Livros_Exemplares (n_emprestimo, ISBN, data_de_aquisicao, estado, cota) values (34, '036176734-X', '2018-08-03', 'New', 'XKL.32167');
insert into BIBLIOTECA.Livros_Exemplares (n_emprestimo, ISBN, data_de_aquisicao, estado, cota) values (35, '541571540-1', '2018-07-13', 'Bad', 'KWA.54394');
insert into BIBLIOTECA.Livros_Exemplares (n_emprestimo, ISBN, data_de_aquisicao, estado, cota) values (36, '715244854-X', '2018-07-31', 'Average', 'RZP.73447');
insert into BIBLIOTECA.Livros_Exemplares (n_emprestimo, ISBN, data_de_aquisicao, estado, cota) values (37, '837853201-1', '2018-09-19', 'Average', 'XJP.19981');
insert into BIBLIOTECA.Livros_Exemplares (n_emprestimo, ISBN, data_de_aquisicao, estado, cota) values (38, '295578735-3', '2017-10-26', 'New', 'LAA.44341');
insert into BIBLIOTECA.Livros_Exemplares (n_emprestimo, ISBN, data_de_aquisicao, estado, cota) values (39, '187164259-0', '2017-04-22', 'Average', 'MCK.10524');
insert into BIBLIOTECA.Livros_Exemplares (n_emprestimo, ISBN, data_de_aquisicao, estado, cota) values (40, '036176734-X', '2017-06-09', 'Good', 'NAD.15751');
insert into BIBLIOTECA.Livros_Exemplares (n_emprestimo, ISBN, data_de_aquisicao, estado, cota) values (41, '155712163-X', '2018-09-18', 'Good', 'WXO.90234');
insert into BIBLIOTECA.Livros_Exemplares (n_emprestimo, ISBN, data_de_aquisicao, estado, cota) values (42, '409410606-5', '2017-01-29', 'New', 'HDC.24805');
insert into BIBLIOTECA.Livros_Exemplares (n_emprestimo, ISBN, data_de_aquisicao, estado, cota) values (43, '121274815-8', '2017-07-02', 'Average', 'KQB.52007');
insert into BIBLIOTECA.Livros_Exemplares (n_emprestimo, ISBN, data_de_aquisicao, estado, cota) values (44, '997003180-5', '2017-08-19', 'Bad', 'XLB.54652');
insert into BIBLIOTECA.Livros_Exemplares (n_emprestimo, ISBN, data_de_aquisicao, estado, cota) values (45, '858846453-5', '2017-04-30', 'New', 'BUF.45382');
insert into BIBLIOTECA.Livros_Exemplares (n_emprestimo, ISBN, data_de_aquisicao, estado, cota) values (46, '249594664-X', '2018-12-24', 'Bad', 'JJN.90468');
insert into BIBLIOTECA.Livros_Exemplares (n_emprestimo, ISBN, data_de_aquisicao, estado, cota) values (47, '477620914-4', '2018-08-04', 'Bad', 'LTQ.64747');
insert into BIBLIOTECA.Livros_Exemplares (n_emprestimo, ISBN, data_de_aquisicao, estado, cota) values (48, '589718060-1', '2017-01-28', 'Average', 'RXQ.14473');
insert into BIBLIOTECA.Livros_Exemplares (n_emprestimo, ISBN, data_de_aquisicao, estado, cota) values (49, '755805247-5', '2018-12-14', 'Good', 'SHK.96961');
insert into BIBLIOTECA.Livros_Exemplares (n_emprestimo, ISBN, data_de_aquisicao, estado, cota) values (50, '407751023-6', '2017-10-29', 'New', 'MYN.65259');
